time,gFx,gFy,gFz,ax,ay,az,wx,wy,wz
1.0,-0.5893502807799238,-0.6937459834662052,-0.14685702502163384,-0.6029,1.2463,-1.4208,-0.6029,-0.6993,-0.1984
1.01,-0.5957575865814815,-0.6938932778524478,-0.13995260066650705,-0.6029,1.2463,-1.4208,-0.6029,-0.6993,-0.1984
1.02,-0.6021648923830392,-0.6940405722386905,-0.13304817631138025,-0.6029,1.2463,-1.4208,-0.6029,-0.6993,-0.1984
1.03,-0.6085721981845968,-0.6941878666249333,-0.12614375195625346,-0.6029,1.2463,-1.4208,-0.6029,-0.6993,-0.1984
1.04,-0.6149795039861544,-0.694335161011176,-0.11923932760112667,-0.6029,1.2463,-1.4208,-0.6029,-0.6993,-0.1984
1.05,-0.6459080459770193,-0.7438517241379409,-0.09881954022988769,-0.6029,1.2463,-1.4208,-0.6029,-0.2115,-0.1457
1.06,-0.7255287591589678,-0.9202095014335782,-0.13512236381013068,0.1762,1.1156,-1.9619,0.1762,-0.2115,-0.1457
1.07,-0.7214634656066206,-1.0076172978124929,-0.14568824185787013,0.1762,1.1156,-1.9619,0.1762,-0.2115,-0.1457
1.08,-0.7143035055908129,-1.0250057721365973,-0.14771069809610154,0.1762,1.1156,-1.9619,0.1762,-0.2115,-0.1457
1.09,-0.7071435455750053,-1.0423942464607017,-0.14973315433433293,0.1762,1.1156,-1.9619,0.1762,-0.2115,-0.1457
1.1,-0.6999835855591976,-1.059782720784806,-0.15175561057256434,0.1762,1.1156,-1.9619,0.1762,-0.2115,-0.1457
1.11,-0.6892013875443689,-1.0704341077767017,-0.14998822200709877,0.1762,1.1156,-1.9619,0.1762,-0.2115,-0.1457
1.12,-0.6548,-0.9882,-0.0638,-0.511673176761473,0.33181302018949,-1.0708773382776586,-0.511673176761473,0.8657,0.4542
1.1300000000000001,-0.6548,-0.9882,-0.0638,-0.5711,0.2641,-0.9939,-0.5711,1.011935270529871,0.5037864688438374
1.1400000000000001,-0.6548,-0.9882,-0.0638,-0.5711,0.2641,-0.9939,-0.5711,1.161048424939853,0.5543487904955524
1.1500000000000001,-0.6548,-0.9882,-0.0638,-0.5711,0.2641,-0.9939,-0.5711,1.310161579349835,0.6049111121472673
1.1600000000000001,-0.6548,-0.9882,-0.0638,-0.5711,0.2641,-0.9939,-0.5711,1.459274733759817,0.6554734337989823
1.1700000000000002,-0.6548,-0.9882,-0.0638,-0.5711,0.2641,-0.9939,-0.5711,1.608387888169799,0.7060357554506973
1.1800000000000002,-0.6706400886637149,-0.9407996200126646,0.03276877770741163,-0.5711,0.2641,-0.9939,-0.5711,1.6652,0.7253
1.1900000000000002,-0.7387992352644122,-0.9167629463963638,0.061552117451843524,-0.2371,-2.2848,-0.4855,-0.2371,1.6652,0.7253
1.2000000000000002,-0.7835290527378993,-0.9142378760551186,0.06977663227761374,-0.2371,-2.2848,-0.4855,-0.2371,1.6652,0.7253
1.2100000000000002,-0.7842,-0.9142,0.0699,-0.2371,-2.2848,-0.4855,-0.2371,1.7525294815420829,0.8305083546374918
1.2200000000000002,-0.7842,-0.9142,0.0699,-0.2371,-2.2848,-0.4855,-0.2371,1.8411888536660217,0.9373188669598149
1.2300000000000002,-0.7842,-0.9142,0.0699,-0.2371,-2.2848,-0.4855,-0.2371,1.9298482257899603,1.044129379282138
1.2400000000000002,-0.7971296109510122,-0.9160244236311245,0.07317867435158593,-0.2371,-2.2848,-0.4855,-0.2371,2.012,1.1431
1.2500000000000002,-0.7825,-0.839,0.1809,-0.20726500622662472,-2.227108260689034,-0.2577864259026709,-0.20726500622662472,2.012,1.1431
1.2600000000000002,-0.750990491544383,-0.8182347173784295,0.21426908600381733,0.0404,-1.7482,1.6325,0.0404,2.012,1.1431
1.2700000000000002,-0.7115222878489567,-0.7982508910091372,0.24882143974960907,0.0404,-1.7482,1.6325,0.0404,2.012,1.1431
1.2800000000000002,-0.6739131202988531,-0.7961811247412791,0.26134100156494555,0.0404,-1.7482,1.6325,0.0404,2.012,1.1431
1.2900000000000003,-0.647,-0.7947,0.2703,0.0404,-1.7482,1.6325,0.0404,1.864192783326584,1.2185141908665853
1.3000000000000003,-0.647,-0.7947,0.2703,0.0404,-1.7482,1.6325,0.0404,1.3444768315916993,1.4836836383580676
1.3100000000000003,-0.6034923462536906,-0.7998912541401847,0.2775677557962585,0.0404,-1.7482,1.6325,0.0404,1.1118,1.6024
1.3200000000000003,-0.5535703401707212,-0.8068487323225892,0.2821488087654471,-0.4324,-2.01,2.8512,-0.4324,1.1118,1.6024
1.3300000000000003,-0.5256686966492534,-0.8153211491909802,0.26749726079755315,-0.4324,-2.01,2.8512,-0.4324,1.1118,1.6024
1.3400000000000003,-0.513901074572061,-0.8176734110913115,0.255606587828716,-0.4324,-2.01,2.8512,-0.4324,1.1118,1.6024
1.3500000000000003,-0.5118221286246556,-0.8163504454884173,0.24537385387979868,-0.4324,-2.01,2.8512,-0.4324,1.1118,1.6024
1.3600000000000003,-0.5097431826772503,-0.8150274798855229,0.23514111993088138,-0.4324,-2.01,2.8512,-0.4324,1.1118,1.6024
1.3700000000000003,-0.507664236729845,-0.8137045142826286,0.22490838598196408,-0.4324,-2.01,2.8512,-0.4324,1.1118,1.6024
1.3800000000000003,-0.5032510318949341,-0.8084135084427769,0.17382439024389976,-0.4324,-2.01,2.8512,-0.4324,0.4529,1.4955
1.3900000000000003,-0.5018244653103807,-0.7994820552947304,0.16020099113197683,1.8685,-1.7435,4.2008,1.8685,0.4529,1.4955
1.4000000000000004,-0.5007159624413146,-0.7805723004694826,0.1561582159624411,1.8685,-1.7435,4.2008,1.8685,0.4529,1.4955
1.4100000000000004,-0.4958825266039157,-0.7736656509231067,0.16033937658855424,1.8685,-1.7435,4.2008,1.8685,0.4529,1.4955
1.4200000000000004,-0.4909946680445771,-0.766934371421389,0.16464069212077218,1.8685,-1.7435,4.2008,1.8685,0.4529,1.4955
1.4300000000000004,-0.48610680948523854,-0.7602030919196713,0.16894200765299014,1.8685,-1.7435,4.2008,1.8685,0.4529,1.4955
1.4400000000000004,-0.47959086873810863,-0.759702980342424,0.1740830057070399,1.8685,-1.7435,4.2008,1.8685,0.4032,1.1372
1.4500000000000004,-0.46122060612527954,-0.7766155586383526,0.1863915804076407,3.2624,-2.2879,3.4855,3.2624,0.4032,1.1372
1.4600000000000004,-0.450816166897876,-0.7806706221321098,0.1883123999573152,3.2624,-2.2879,3.4855,3.2624,0.4032,1.1372
1.4700000000000004,-0.4433,-0.7841043279514754,0.18688552465789518,3.2624,-2.2879,3.4855,3.2624,0.4032,1.1372
1.4800000000000004,-0.4433,-0.785921071292525,0.17674692472236025,3.2624,-2.2879,3.4855,3.2624,0.4032,1.1372
1.4900000000000004,-0.4433,-0.7877378146335746,0.16660832478682533,3.2624,-2.2879,3.4855,3.2624,0.4032,1.1372
1.5000000000000004,-0.4433,-0.7895545579746243,0.1564697248512904,3.2624,-2.2879,3.4855,3.2624,0.4032,1.1372
1.5100000000000005,-0.45466834733893524,-0.8381319327731108,0.07804195455959828,3.2624,-2.2879,3.4855,3.2624,0.2988,0.7861
1.5200000000000005,-0.4490107957707286,-0.8521696939343355,0.06175191986644431,3.6142,-2.1539,3.0611,3.6142,0.2988,0.7861
1.5300000000000005,-0.44094179187534743,-0.8629654646633282,0.06676026711185332,3.6142,-2.1539,3.0611,3.6142,0.2988,0.7861
1.5400000000000005,-0.4383,-0.8665,0.0684,3.6142,-2.1539,3.0611,3.6142,0.29437369415097653,0.6910634421294869
1.5500000000000005,-0.4383,-0.8665,0.0684,3.6142,-2.1539,3.0611,3.6142,0.2877928052883194,0.5497661512128844
1.5600000000000005,-0.4383,-0.8665,0.0684,3.6142,-2.1539,3.0611,3.6142,0.2812119164256623,0.4084688602962818
1.5700000000000005,-0.4523012722646338,-0.8800496183206133,0.07490381679389443,3.6142,-2.1539,3.0611,3.6142,0.2765,0.3073
1.5800000000000005,-0.512788149164951,-0.8674442004118048,0.06506886296041907,3.7692,-2.5613,2.4173,3.7692,0.2765,0.3073
1.5900000000000005,-0.5153047357584079,-0.8634634179821549,0.03422923816060233,3.7692,-2.5613,2.4173,3.7692,0.2765,0.3073
1.6000000000000005,-0.5178213223518647,-0.8594826355525049,0.0033896133607855816,3.7692,-2.5613,2.4173,3.7692,0.2765,0.3073
1.6100000000000005,-0.5256013856668135,-0.8916442284782764,-0.030312257821808825,3.7692,-2.5613,2.4173,3.7692,0.2765,0.3073
1.6200000000000006,-0.5337837168474517,-0.9265680481534914,-0.06423287980437854,3.7692,-2.5613,2.4173,3.7692,0.2765,0.3073
1.6300000000000006,-0.5419660480280901,-0.9614918678287064,-0.09815350178694827,3.7692,-2.5613,2.4173,3.7692,0.2765,0.3073
1.6400000000000006,-0.49241887411184965,-1.0534575514665603,-0.1388129713973324,3.7692,-2.5613,2.4173,3.7692,0.5511,0.0273
1.6500000000000006,-0.4507255417164302,-0.9756247398054886,-0.08530261047602491,3.3233,-2.893,1.9467,3.3233,0.5511,0.0273
1.6600000000000006,-0.4446259000170615,-0.9037513393618783,-0.04409803787749225,3.3233,-2.893,1.9467,3.3233,0.5511,0.0273
1.6700000000000006,-0.4421306319218246,-0.8399447035830588,-0.0100884690553735,3.3233,-2.893,1.9467,3.3233,0.5511,0.0273
1.6800000000000006,-0.44916646254071707,-0.7974691335504857,0.004895244299675288,3.3233,-2.893,1.9467,3.3233,0.5511,0.0273
1.6900000000000006,-0.45620229315960953,-0.7549935635179126,0.01987895765472408,3.3233,-2.893,1.9467,3.3233,0.5511,0.0273
1.7000000000000006,-0.4618,-0.7212,0.0318,3.3233,-2.893,1.9467,3.3233,0.5226373189751129,-0.42339706646874536
1.7100000000000006,-0.5173,-0.7747,-0.023,2.8838894350020654,-3.413064124942855,0.9932194304083174,2.8838894350020654,0.5136,-0.5665
1.7200000000000006,-0.5244900322696312,-0.8325062253495915,-0.07627160272499459,2.5829,-3.7693,0.3401,2.5829,0.5136,-0.5665
1.7300000000000006,-0.5323781642165656,-0.8959250134456831,-0.13471548942273548,2.5829,-3.7693,0.3401,2.5829,0.5136,-0.5665
1.7400000000000007,-0.5349,-0.9162,-0.1534,2.5829,-3.7693,0.3401,2.5829,0.4599304204668882,-0.5767590431661791
1.7500000000000007,-0.5349,-0.9162,-0.1534,2.5829,-3.7693,0.3401,2.5829,0.3810393730861629,-0.5918392183332793
1.7600000000000007,-0.5349,-0.9162,-0.1534,2.5829,-3.7693,0.3401,2.5829,0.30214832570543765,-0.6069193935003796
1.7700000000000007,-0.5463309351276704,-1.0086411835748708,-0.19196338854381786,2.5829,-3.7693,0.3401,2.5829,0.274,-0.6123
1.7800000000000007,-0.5237575681130164,-0.9593292129162447,-0.15454036326942286,2.4988,-1.3088,1.2081,2.4988,0.274,-0.6123
1.7900000000000007,-0.5140160482806794,-0.939419254055731,-0.128226616471317,2.4988,-1.3088,1.2081,2.4988,0.274,-0.6123
1.8000000000000007,-0.5042745284483422,-0.9195092951952172,-0.1019128696732111,2.4988,-1.3088,1.2081,2.4988,0.274,-0.6123
1.8100000000000007,-0.5031143651727458,-0.8950184939565713,-0.08607305594181104,2.4988,-1.3088,1.2081,2.4988,0.274,-0.6123
1.8200000000000007,-0.5033639462331088,-0.8697751524227173,-0.07195389881270628,2.4988,-1.3088,1.2081,2.4988,0.274,-0.6123
1.8300000000000007,-0.5036,-0.8459,-0.0586,2.4988,-1.3088,1.2081,2.4988,0.18802044972411122,-0.7039134068732658
1.8400000000000007,-0.5431749672502122,-0.8023285459092492,-0.06454599261641118,2.4988,-1.3088,1.2081,2.4988,-0.0999,-1.0107
1.8500000000000008,-0.5496905111821091,-0.7910117252396156,-0.07342022364217335,1.3441,-2.7331,-0.578,1.3441,-0.0999,-1.0107
1.8600000000000008,-0.55715856230032,-0.7771538977635772,-0.08528124600639064,1.3441,-2.7331,-0.578,1.3441,-0.0999,-1.0107
1.8700000000000008,-0.5818,-0.7098,-0.13,1.3441,-2.7331,-0.578,1.3441,-0.09980634512749519,-1.0126928128088633
1.8800000000000008,-0.5818,-0.7098,-0.13,1.3441,-2.7331,-0.578,1.3441,-0.09525999209329872,-1.1094312986756354
1.8900000000000008,-0.5818,-0.7098,-0.13,1.3441,-2.7331,-0.578,1.3441,-0.09071363905910224,-1.2061697845424073
1.9000000000000008,-0.6121062492767049,-0.7013982640898087,-0.22122951047333284,1.3441,-2.7331,-0.578,1.3441,-0.0884,-1.2554
1.9100000000000008,-0.6192417844663285,-0.7352967439644225,-0.28563896124523597,0.946,-0.5953,0.3119,0.946,-0.0884,-1.2554
1.9200000000000008,-0.6279377819250325,-0.7421264771283361,-0.29659830050826014,0.946,-0.5953,0.3119,0.946,-0.0884,-1.2554
1.9300000000000008,-0.6366337793837366,-0.7489562102922497,-0.30755763977128436,0.946,-0.5953,0.3119,0.946,-0.0884,-1.2554
1.9400000000000008,-0.6344171575764355,-0.7518516855190952,-0.3053248180087346,0.946,-0.5953,0.3119,0.946,-0.0884,-1.2554
1.9500000000000008,-0.6253082614701153,-0.752262332474708,-0.29475999178705997,0.946,-0.5953,0.3119,0.946,-0.0884,-1.2554
1.9600000000000009,-0.6161993653637952,-0.7526729794303207,-0.28419516556538527,0.946,-0.5953,0.3119,0.946,-0.0884,-1.2554
1.9700000000000009,-0.5547,-0.7224,-0.2695,0.801042079859105,-0.40647863097787085,0.1676567354097875,0.801042079859105,0.1063,-1.0539
1.9800000000000009,-0.5482827084927308,-0.7139547332545029,-0.2645272935939343,-0.2913,1.0164,-0.9193,-0.2913,0.1063,-1.0539
1.9900000000000009,-0.540249043611323,-0.70338229115949,-0.2583020727550944,-0.2913,1.0164,-0.9193,-0.2913,0.1063,-1.0539
2.000000000000001,-0.5322153787299151,-0.6928098490644771,-0.2520768519162546,-0.2913,1.0164,-0.9193,-0.2913,0.1063,-1.0539
2.0100000000000007,-0.5171257745807528,-0.6656886467045109,-0.23238388438705143,-0.2913,1.0164,-0.9193,-0.2913,0.1063,-1.0539
2.0200000000000005,-0.5377090393032031,-0.6646919833600554,-0.22371724660917763,-0.2913,1.0164,-0.9193,-0.2913,0.1063,-1.0539
2.0300000000000002,-0.5639441646919454,-0.6612158619668241,-0.20197280805686899,-0.2913,1.0164,-0.9193,-0.2913,-0.3903,-0.7114
2.04,-0.6146057449202456,-0.641935462307235,-0.1372854920908074,-0.5692,1.0308,-1.8382,-0.5692,-0.3903,-0.7114
2.05,-0.6387966245284256,-0.6080814679992074,-0.1130615196240663,-0.5692,1.0308,-1.8382,-0.5692,-0.3903,-0.7114
2.0599999999999996,-0.6629875041366056,-0.5742274736911799,-0.0888375471573252,-0.5692,1.0308,-1.8382,-0.5692,-0.3903,-0.7114
2.0699999999999994,-0.6813,-0.5486,-0.0705,-0.5692,1.0308,-1.8382,-0.5692,-0.3063992910674823,-0.6596695969212273
2.079999999999999,-0.6813,-0.5486,-0.0705,-0.5692,1.0308,-1.8382,-0.5692,0.03887111606234844,-0.4467872797245523
2.089999999999999,-0.6813,-0.5486,-0.0705,-0.5692,1.0308,-1.8382,-0.5692,0.3841415231921792,-0.2339049625278773
2.0999999999999988,-0.590334549928258,-0.458115911420958,-0.11827477957759168,-0.5692,1.0308,-1.8382,-0.5692,0.462,-0.1859
2.1099999999999985,-0.575761879465106,-0.4544612749587843,-0.13942718446601557,-0.2256,1.7136,-1.0127,-0.2256,0.462,-0.1859
2.1199999999999983,-0.561290364535632,-0.45049229407095387,-0.16208090614886317,-0.2256,1.7136,-1.0127,-0.2256,0.462,-0.1859
2.129999999999998,-0.5468188496061579,-0.44652331318312344,-0.1847346278317108,-0.2256,1.7136,-1.0127,-0.2256,0.462,-0.1859
2.139999999999998,-0.524,-0.3967,-0.1955,-0.2256,1.7136,-1.0127,-0.2256,0.4223031388792115,-0.13100182643848085
2.1499999999999977,-0.524,-0.3967,-0.1955,-0.2256,1.7136,-1.0127,-0.2256,0.30123921353363614,0.03642169768946865
2.1599999999999975,-0.4836262743473055,-0.2769738085371333,-0.12107128056365321,-0.2256,1.7136,-1.0127,-0.2256,0.2194,0.1496
2.1699999999999973,-0.4353550606548916,-0.17295594539540074,-0.021769617828592533,-0.9056,3.3137,0.1244,-0.9056,0.2194,0.1496
2.179999999999997,-0.43109857711836197,-0.15924398771700884,0.004042914475076435,-0.9056,3.3137,0.1244,-0.9056,0.2194,0.1496
2.189999999999997,-0.42684209358183234,-0.14553203003861698,0.029855446778745406,-0.9056,3.3137,0.1244,-0.9056,0.2194,0.1496
2.1999999999999966,-0.4225856100453027,-0.13182007236022508,0.05566797908241439,-0.9056,3.3137,0.1244,-0.9056,0.2194,0.1496
2.2099999999999964,-0.42217825916742796,-0.2253303057983866,0.06904653964939277,-0.9056,3.3137,0.1244,-0.9056,0.2194,0.1496
2.219999999999996,-0.4220477619731176,-0.3265526295184248,0.08153077123841337,-0.9056,3.3137,0.1244,-0.9056,0.2194,0.1496
2.229999999999996,-0.45705794036789776,-0.7220622541759015,0.05588240642845892,-0.9056,3.3137,0.1244,-0.9056,-0.5298,0.1277
2.2399999999999958,-0.500933669973467,-0.979728888491608,0.013730747460322455,0.5239,4.8424,-0.384,0.5239,-0.5298,0.1277
2.2499999999999956,-0.5434158697530118,-1.1267780737032724,-0.02940685792591948,0.5239,4.8424,-0.384,0.5239,-0.5298,0.1277
2.2599999999999953,-0.5858980695325567,-1.2738272589149369,-0.07254446331216141,0.5239,4.8424,-0.384,0.5239,-0.5298,0.1277
2.269999999999995,-0.8329,-1.6563,-0.1385,0.5239,4.8424,-0.384,0.5239,-0.43083924159941683,0.10450009169872791
2.279999999999995,-0.8329,-1.6563,-0.1385,0.5239,4.8424,-0.384,0.5239,0.8661562813521653,-0.19956161605249137
2.2899999999999947,-0.9329067230567671,-1.5955853726120728,0.14046553886520802,0.5239,4.8424,-0.384,0.5239,1.8747,-0.436
2.2999999999999945,-0.884830776951887,-1.4134135152732186,0.35358131951603194,0.4484,2.4145,1.6405,0.4484,1.8747,-0.436
2.3099999999999943,-0.8626670310889393,-1.3470036623081072,0.3550462427432035,0.4484,2.4145,1.6405,0.4484,1.8747,-0.436
2.319999999999994,-0.8405032852259916,-1.2805938093429958,0.3565111659703751,0.4484,2.4145,1.6405,0.4484,1.8747,-0.436
2.329999999999994,-0.8183395393630439,-1.2141839563778845,0.35797608919754664,0.4484,2.4145,1.6405,0.4484,1.8747,-0.436
2.3399999999999936,-0.7829270976831859,-1.1252366468378912,0.29670840116893,0.4484,2.4145,1.6405,0.4484,1.8747,-0.436
2.3499999999999934,-0.7376860206637754,-1.0195697714465344,0.1889020976832297,0.4484,2.4145,1.6405,0.4484,1.8747,-0.436
2.359999999999993,-0.6847160084255458,-0.9037177725119732,0.06691363875737387,0.4484,2.4145,1.6405,0.4484,0.3775,-0.2081
2.369999999999993,-0.6553414362885314,-0.8300237051160062,0.0015247193093989937,-3.4402,-6.94,1.7726,-3.4402,0.3775,-0.2081
2.379999999999993,-0.6518460438512895,-0.7988829361296703,-0.0036918891007269843,-3.4402,-6.94,1.7726,-3.4402,0.3775,-0.2081
2.3899999999999926,-0.6483506514140478,-0.7677421671433345,-0.008908497510852962,-3.4402,-6.94,1.7726,-3.4402,0.3775,-0.2081
2.3999999999999924,-0.6448552589768061,-0.7366013981569988,-0.014125105920978941,-3.4402,-6.94,1.7726,-3.4402,0.3775,-0.2081
2.409999999999992,-0.6697010549337257,-0.5221078734080343,0.09128719927954436,-3.4402,-6.94,1.7726,-3.4402,0.3775,-0.2081
2.419999999999992,-0.6935013894249126,-0.41925183326909443,0.10736850636818411,-3.4402,-6.94,1.7726,-3.4402,0.3775,-0.2081
2.4299999999999917,-0.7239,-0.3607,0.0244,-2.283641921612706,-3.0213761950510003,2.0466296367097203,-2.283641921612706,-0.5546,0.3139
2.4399999999999915,-0.7232137493892182,-0.39000544274930826,-0.002465440577639918,-1.7773,-1.3058,2.1666,-1.7773,-0.5546,0.3139
2.4499999999999913,-0.7224808105760362,-0.42130464466037737,-0.031158637819617408,-1.7773,-1.3058,2.1666,-1.7773,-0.5546,0.3139
2.459999999999991,-0.7217478717628542,-0.4526038465714465,-0.0598518350615949,-1.7773,-1.3058,2.1666,-1.7773,-0.5546,0.3139
2.469999999999991,-0.7004,-0.5936,-0.0991,-1.7773,-1.3058,2.1666,-1.7773,-0.5540757039762687,0.3205872789014137
2.4799999999999907,-0.7004,-0.5936,-0.0991,-1.7773,-1.3058,2.1666,-1.7773,-0.509643837554874,0.8873058299131515
2.4899999999999904,-0.6949953967174992,-0.5880210546761282,-0.07399474604257676,-1.7773,-1.3058,2.1666,-1.7773,-0.4918,1.1149
2.4999999999999902,-0.6962774264705728,-0.5809592892156954,-0.05100564270153971,-0.8196,2.9917,1.2186,-0.8196,-0.4918,1.1149
2.50999999999999,-0.7117186029411607,-0.5718906617647151,-0.03640869281047243,-0.8196,2.9917,1.2186,-0.8196,-0.4918,1.1149
2.51999999999999,-0.7271597794117487,-0.5628220343137349,-0.02181174291940515,-0.8196,2.9917,1.2186,-0.8196,-0.4918,1.1149
2.5299999999999896,-0.7426009558823367,-0.5537534068627546,-0.007214793028337871,-0.8196,2.9917,1.2186,-0.8196,-0.4918,1.1149
2.5399999999999894,-0.7841175173010657,-0.6628566917942728,-0.04772503089467314,-0.8196,2.9917,1.2186,-0.8196,-0.4918,1.1149
2.549999999999989,-0.7585984861591978,-0.7478171465644144,-0.08251247528419298,-0.8196,2.9917,1.2186,-0.8196,-0.4918,1.1149
2.559999999999989,-0.7088,-0.8498,-0.095,-0.43604850374871656,2.059801620967234,0.30351882794942364,-0.43604850374871656,-0.443,1.4966
2.5699999999999887,-0.7067269073452717,-0.849275769673517,-0.08432476426070962,-0.2403,1.5842,-0.1635,-0.2403,-0.443,1.4966
2.5799999999999885,-0.7045960689705871,-0.848736936981068,-0.07335217125083941,-0.2403,1.5842,-0.1635,-0.2403,-0.443,1.4966
2.5899999999999883,-0.7024652305959025,-0.8481981042886191,-0.062379578240969215,-0.2403,1.5842,-0.1635,-0.2403,-0.443,1.4966
2.599999999999988,-0.7003343922212178,-0.84765927159617,-0.05140698523109901,-0.2403,1.5842,-0.1635,-0.2403,-0.443,1.4966
2.609999999999988,-0.6652,-0.8925,-0.0161,-0.2403,1.5842,-0.1635,-0.2403,-0.24058386111150148,1.5548686481480358
2.6199999999999877,-0.6279880415253372,-0.9477658315031714,-0.015823946895588553,-0.2403,1.5842,-0.1635,-0.2403,-0.0977,1.596
2.6299999999999875,-0.5915455274133974,-0.992569340820654,-0.017480429666560268,-0.0502,-0.7177,-0.0233,-0.0502,-0.0977,1.596
2.6399999999999872,-0.5772854439965699,-0.9924994384509636,-0.021767775007567228,-0.0502,-0.7177,-0.0233,-0.0502,-0.0977,1.596
2.649999999999987,-0.5630253605797424,-0.9924295360812733,-0.026055120348574184,-0.0502,-0.7177,-0.0233,-0.0502,-0.0977,1.596
2.659999999999987,-0.5487652771629149,-0.9923596337115829,-0.030342465689581148,-0.0502,-0.7177,-0.0233,-0.0502,-0.0977,1.596
2.6699999999999866,-0.5227141970804192,-0.9167054744532476,-0.0356083941605692,-0.0502,-0.7177,-0.0233,-0.0502,-0.0977,1.596
2.6799999999999864,-0.5426052705976884,-0.738662055735233,-0.04413902463649932,-0.0502,-0.7177,-0.0233,-0.0502,-0.0977,1.596
2.689999999999986,-0.5564531902551996,-0.6984576566125836,-0.09305145011590471,-0.0502,-0.7177,-0.0233,-0.0502,0.4361,0.9659
2.699999999999986,-0.5570579800528436,-0.7053229892170932,-0.11181860941179246,1.3942,-3.1225,0.398,1.3942,0.4361,0.9659
2.7099999999999858,-0.5568675537359266,-0.7171532241555615,-0.13195619242576456,1.3942,-3.1225,0.398,1.3942,0.4361,0.9659
2.7199999999999855,-0.5566771274190095,-0.7289834590940296,-0.15209377543973665,1.3942,-3.1225,0.398,1.3942,0.4361,0.9659
2.7299999999999853,-0.5564867011020926,-0.7408136940324979,-0.17223135845370874,1.3942,-3.1225,0.398,1.3942,0.4361,0.9659
2.739999999999985,-0.5245,-0.865,-0.2515,1.3942,-3.1225,0.398,1.3942,0.5501858310035161,0.8933029026019531
2.749999999999985,-0.5245,-0.865,-0.2515,1.844922065148744,-2.714119422251206,0.3502891210819403,1.844922065148744,0.7845,0.7442
2.7599999999999847,-0.553941710635881,-0.8218321855040136,-0.2352278533740747,2.5694,-2.0577,0.2736,2.5694,0.7845,0.7442
2.7699999999999845,-0.5885617235952434,-0.8303483384244984,-0.227498518929939,2.5694,-2.0577,0.2736,2.5694,0.7845,0.7442
2.7799999999999843,-0.6231817365546057,-0.8388644913449832,-0.21976918448580327,2.5694,-2.0577,0.2736,2.5694,0.7845,0.7442
2.789999999999984,-0.6578017495139681,-0.8473806442654681,-0.21203985004166756,2.5694,-2.0577,0.2736,2.5694,0.7845,0.7442
2.799999999999984,-0.6924217624733305,-0.8558967971859529,-0.20431051559753183,2.5694,-2.0577,0.2736,2.5694,0.7845,0.7442
2.8099999999999836,-0.8134037690907282,-1.6892966792757667,-0.1441239596471472,2.5694,-2.0577,0.2736,2.5694,0.7845,0.7442
2.8199999999999834,-0.6521013276894859,-1.7354333269196418,0.02874037906442975,2.5694,-2.0577,0.2736,2.5694,0.5011,0.8033
2.829999999999983,-0.5419110036041387,-1.6280547253333884,0.1549984833457551,2.5126,-2.6292,-0.9113,2.5126,0.5011,0.8033
2.839999999999983,-0.5605123920562802,-1.519203947655057,0.1999175709343465,2.5126,-2.6292,-0.9113,2.5126,0.5011,0.8033
2.8499999999999828,-0.5791137805084218,-1.4103531699767256,0.2448366585229379,2.5126,-2.6292,-0.9113,2.5126,0.5011,0.8033
2.8599999999999826,-0.5977151689605633,-1.3015023922983942,0.2897557461115293,2.5126,-2.6292,-0.9113,2.5126,0.5011,0.8033
2.8699999999999823,-0.7076572713634739,-1.0825979010506455,0.28531064467801975,2.5126,-2.6292,-0.9113,2.5126,0.5011,0.8033
2.879999999999982,-0.8006518144962076,-0.9251140512213575,0.16788260654650758,2.5126,-2.6292,-0.9113,2.5126,-0.0215,-0.5972
2.889999999999982,-0.7934276812541521,-0.8625401480513601,-0.025731935554005752,0.6451,-8.8043,0.2895,0.6451,-0.0215,-0.5972
2.8999999999999817,-0.7554133115611417,-0.8747326148486602,-0.07924815588929768,0.6451,-8.8043,0.2895,0.6451,-0.0215,-0.5972
2.9099999999999815,-0.7173989418681312,-0.8869250816459602,-0.13276437622458961,0.6451,-8.8043,0.2895,0.6451,-0.0215,-0.5972
2.9199999999999813,-0.6793845721751207,-0.8991175484432602,-0.18628059655988155,0.6451,-8.8043,0.2895,0.6451,-0.0215,-0.5972
2.929999999999981,-0.6413702024821103,-0.9113100152405603,-0.23979681689517346,0.6451,-8.8043,0.2895,0.6451,-0.0215,-0.5972
2.939999999999981,-0.4382795454549164,-0.950829306220384,-0.31508241626834566,0.6451,-8.8043,0.2895,0.6451,-0.0215,-0.5972
2.9499999999999806,-0.38972991339914304,-0.8619804185712976,-0.1784091171521304,0.6451,-8.8043,0.2895,0.6451,0.1287,-0.1926
2.9599999999999804,-0.3798058913197615,-0.829140090602685,-0.1255230006226703,0.5283,-3.6452,2.2783,0.5283,0.1287,-0.1926
2.96999999999998,-0.37398756897182167,-0.8154208729630777,-0.10244293964837023,0.5283,-3.6452,2.2783,0.5283,0.1287,-0.1926
2.97999999999998,-0.36816924662388184,-0.8017016553234706,-0.07936287867407014,0.5283,-3.6452,2.2783,0.5283,0.1287,-0.1926
2.98999999999998,-0.36235092427594207,-0.7879824376838633,-0.05628281769977006,0.5283,-3.6452,2.2783,0.5283,0.1287,-0.1926
2.9999999999999796,-0.35653260192800224,-0.7742632200442561,-0.033202756725469976,0.5283,-3.6452,2.2783,0.5283,0.1287,-0.1926
3.0099999999999794,-0.33374883000000566,-0.764479390000019,0.07184322999987214,0.5283,-3.6452,2.2783,0.5283,-0.3664,-0.6144
3.019999999999979,-0.3315,-0.7569,0.1229,1.861971594560451,-3.064287475798105,0.2556780181014986,1.861971594560451,-0.3664,-0.6144
3.029999999999979,-0.3343390571866665,-0.7488401262418797,0.12438621785610729,3.0009,-2.5682,-1.4716,3.0009,-0.3664,-0.6144
3.0399999999999787,-0.3376506834396391,-0.7394386637921655,0.12611982086101914,3.0009,-2.5682,-1.4716,3.0009,-0.3664,-0.6144
3.0499999999999785,-0.34096230969261176,-0.7300372013424512,0.127853423865931,3.0009,-2.5682,-1.4716,3.0009,-0.3664,-0.6144
3.0599999999999783,-0.34427393594558436,-0.720635738892737,0.12958702687084284,3.0009,-2.5682,-1.4716,3.0009,-0.3664,-0.6144
3.069999999999978,-0.4155,-0.622,0.012,3.0009,-2.5682,-1.4716,3.0009,-0.2622357870189291,-0.7724477513765438
3.079999999999978,-0.4155,-0.622,0.012,3.254298266258603,-1.2891943586100076,0.41501260329960976,3.254298266258603,-0.0397,-1.1101
3.0899999999999777,-0.45636570819359223,-0.6859561524448234,-0.0440040905891648,3.4164,-0.471,1.6219,3.4164,-0.0397,-1.1101
3.0999999999999774,-0.4594916138781862,-0.6892890717509137,-0.042182370719997454,3.4164,-0.471,1.6219,3.4164,-0.0397,-1.1101
3.1099999999999772,-0.4626175195627802,-0.692621991057004,-0.04036065085083011,3.4164,-0.471,1.6219,3.4164,-0.0397,-1.1101
3.119999999999977,-0.4657434252473741,-0.6959549103630942,-0.038538930981662764,3.4164,-0.471,1.6219,3.4164,-0.0397,-1.1101
3.129999999999977,-0.4688693309319681,-0.6992878296691846,-0.036717211112495415,3.4164,-0.471,1.6219,3.4164,-0.0397,-1.1101
3.1399999999999766,-0.5140829136857,-0.6521702034749285,-0.0060927529499159895,3.4164,-0.471,1.6219,3.4164,-0.3302,-1.2999
3.1499999999999764,-0.5456,-0.6267,-0.0082,3.2669982441725987,-0.2817229097312287,1.5547011705800051,3.2669982441725987,-0.3302,-1.2999
3.159999999999976,-0.5524167674459646,-0.6239521557582158,-0.009168791239090575,2.1309,1.1576,1.0437,2.1309,-0.3302,-1.2999
3.169999999999976,-0.5600392290874526,-0.620879535561647,-0.010252086821214203,2.1309,1.1576,1.0437,2.1309,-0.3302,-1.2999
3.1799999999999757,-0.5676616907289408,-0.6178069153650781,-0.01133538240333783,2.1309,1.1576,1.0437,2.1309,-0.3302,-1.2999
3.1899999999999755,-0.5752841523704288,-0.6147342951685093,-0.012418677985461458,2.1309,1.1576,1.0437,2.1309,-0.3302,-1.2999
3.1999999999999753,-0.5829066140119169,-0.6116616749719405,-0.013501973567585085,2.1309,1.1576,1.0437,2.1309,-0.3302,-1.2999
3.209999999999975,-0.8318,-0.6474,0.2038,2.1309,1.1576,1.0437,2.1309,-0.5527066666639784,-1.3287131590410461
3.219999999999975,-0.8731257204924747,-0.6087478307644811,0.17411789179698503,0.3692,1.5849,0.2894,0.3692,-0.575,-1.3316
3.2299999999999747,-0.8418440405504046,-0.5988378276611401,0.11374755973947136,0.3692,1.5849,0.2894,0.3692,-0.575,-1.3316
3.2399999999999745,-0.8105623606083345,-0.5889278245577991,0.053377227681957684,0.3692,1.5849,0.2894,0.3692,-0.575,-1.3316
3.2499999999999742,-0.7792806806662643,-0.5790178214544581,-0.006993104375556003,0.3692,1.5849,0.2894,0.3692,-0.575,-1.3316
3.259999999999974,-0.7479990007241942,-0.5691078183511171,-0.06736343643306966,0.3692,1.5849,0.2894,0.3692,-0.575,-1.3316
3.269999999999974,-0.6547410831006619,-0.5715585434172588,-0.26074295051193563,0.3692,1.5849,0.2894,0.3692,-0.575,-1.3316
3.2799999999999736,-0.6908138706918785,-0.49464031614956194,-0.27258040444332166,0.3692,1.5849,0.2894,0.3692,-1.2192,-0.9925
3.2899999999999734,-0.7048670330738881,-0.48320469844360786,-0.2598262159533485,-2.4326,2.2405,0.9332,-2.4326,-1.2192,-0.9925
3.299999999999973,-0.7206063326847827,-0.4726404961089778,-0.24435928988330996,-2.4326,2.2405,0.9332,-2.4326,-1.2192,-0.9925
3.309999999999973,-0.7363456322956772,-0.46207629377434767,-0.2288923638132714,-2.4326,2.2405,0.9332,-2.4326,-1.2192,-0.9925
3.3199999999999728,-0.7520849319065718,-0.45151209143971754,-0.21342543774323286,-2.4326,2.2405,0.9332,-2.4326,-1.2192,-0.9925
3.3299999999999725,-0.7678242315174664,-0.4409478891050875,-0.19795851167319434,-2.4326,2.2405,0.9332,-2.4326,-1.2192,-0.9925
3.3399999999999723,-0.853026568704846,-0.575069618743748,-0.2317797855437924,-2.4326,2.2405,0.9332,-2.4326,-1.2192,-0.9925
3.349999999999972,-1.0326532271870195,-0.7281121744752447,-0.2286088835625539,-2.2605,3.3277,-2.6026,-2.2605,-0.8273,-0.9175
3.359999999999972,-1.070489214175548,-0.8018818866630343,-0.22931272042458284,-2.2605,3.3277,-2.6026,-2.2605,-0.8273,-0.9175
3.3699999999999717,-1.1083252011640765,-0.8756515988508238,-0.23001655728661177,-2.2605,3.3277,-2.6026,-2.2605,-0.8273,-0.9175
3.3799999999999715,-1.146161188152605,-0.9494213110386134,-0.2307203941486407,-2.2605,3.3277,-2.6026,-2.2605,-0.8273,-0.9175
3.3899999999999713,-1.1839971751411333,-1.023191023226403,-0.23142423101066964,-2.2605,3.3277,-2.6026,-2.2605,-0.8273,-0.9175
3.399999999999971,-1.2218331621296619,-1.0969607354141926,-0.23212806787269857,-2.2605,3.3277,-2.6026,-2.2605,-0.8273,-0.9175
3.409999999999971,-1.2504524478499774,-1.3233560238410191,-0.11997931034574068,-2.2605,3.3277,-2.6026,-2.2605,0.162,-0.4762
3.4199999999999706,-1.273409542326094,-1.2414636526280467,-0.04924782846826144,-4.3831,2.739,-2.2074,-4.3831,0.162,-0.4762
3.4299999999999704,-1.295462593789299,-1.2010817405116483,-0.012279757927706927,-4.3831,2.739,-2.2074,-4.3831,0.162,-0.4762
3.43999999999997,-1.3175156452525036,-1.16069982839525,0.024688312612847582,-4.3831,2.739,-2.2074,-4.3831,0.162,-0.4762
3.44999999999997,-1.3395686967157086,-1.1203179162788517,0.06165638315340209,-4.3831,2.739,-2.2074,-4.3831,0.162,-0.4762
3.4599999999999698,-1.3616217481789135,-1.0799360041624535,0.0986244536939566,-4.3831,2.739,-2.2074,-4.3831,0.162,-0.4762
3.4699999999999696,-1.3590197309421024,-1.031198430493555,0.1395343796709633,-4.3831,2.739,-2.2074,-4.3831,0.162,-0.4762
3.4799999999999693,-1.1339,-1.0522,0.0835,-4.3831,2.739,-2.2074,-4.3831,0.26171985018656124,0.2737202247138018
3.489999999999969,-0.9819,-1.0101,0.0926,-7.5074,-3.7021,-0.8277,-7.5074,0.2863305697312738,0.37220920480155867
3.499999999999969,-0.9819,-1.0101,0.0926,-7.5074,-3.7021,-0.8277,-7.5074,0.3428017485148416,0.5610111792012871
3.5099999999999687,-0.9819,-1.0101,0.0926,-7.5074,-3.7021,-0.8277,-7.5074,0.39927292729840935,0.7498131536010155
3.5199999999999685,-0.9819,-1.0101,0.0926,-7.5074,-3.7021,-0.8277,-7.5074,0.4557441060819772,0.938615128000744
3.5299999999999683,-0.9819,-1.0101,0.0926,-7.5074,-3.7021,-0.8277,-7.5074,0.512215284865545,1.1274171024004724
3.539999999999968,-0.8051794160591619,-0.7310966423382571,0.19068588807824122,-7.5074,-3.7021,-0.8277,-7.5074,0.5356,1.2056
3.549999999999968,-0.7661413169903071,-0.6370917240762662,0.16847725686682255,-6.0102,-1.9449,1.9048,-6.0102,0.5356,1.2056
3.5599999999999676,-0.7477106110763772,-0.6251922877337776,0.15523577883157197,-6.0102,-1.9449,1.9048,-6.0102,0.5356,1.2056
3.5699999999999674,-0.7292799051624473,-0.6132928513912889,0.1419943007963214,-6.0102,-1.9449,1.9048,-6.0102,0.5356,1.2056
3.579999999999967,-0.7108491992485174,-0.6013934150488001,0.1287528227610708,-6.0102,-1.9449,1.9048,-6.0102,0.5356,1.2056
3.589999999999967,-0.6924184933345876,-0.5894939787063114,0.11551134472582023,-6.0102,-1.9449,1.9048,-6.0102,0.5356,1.2056
3.599999999999967,-0.6482737898099056,-0.5760372611465928,0.08193181528740154,-6.0102,-1.9449,1.9048,-6.0102,0.5356,1.2056
3.6099999999999666,-0.5692,-0.5891,0.0368,-3.3570229760954526,-0.8415368159480556,2.223255721385052,-3.3570229760954526,0.8024,1.6817
3.6199999999999664,-0.5692,-0.5891,0.0368,-1.5929,-0.1079,2.435,-1.5929,0.7834698479209061,1.7265354683026466
3.629999999999966,-0.5692,-0.5891,0.0368,-1.5929,-0.1079,2.435,-1.5929,0.762706272096443,1.7757133429355418
3.639999999999966,-0.5692,-0.5891,0.0368,-1.5929,-0.1079,2.435,-1.5929,0.74194269627198,1.8248912175684369
3.6499999999999657,-0.5692,-0.5891,0.0368,-1.5929,-0.1079,2.435,-1.5929,0.7211791204475168,1.8740690922013319
3.6599999999999655,-0.5692,-0.5891,0.0368,-1.5929,-0.1079,2.435,-1.5929,0.7004155446230537,1.923246966834227
3.6699999999999653,-0.5252349551859982,-0.6671288092178835,0.0909202304736599,-1.5929,-0.1079,2.435,-1.5929,0.6914,1.9446
3.679999999999965,-0.49422213750158145,-0.715085244086191,0.08005980066447504,1.5387,0.8447,1.2739,1.5387,0.6914,1.9446
3.689999999999965,-0.49625543271062955,-0.7168462229725987,0.07341528239204992,1.5387,0.8447,1.2739,1.5387,0.6914,1.9446
3.6999999999999647,-0.49828872791967765,-0.7186072018590065,0.06677076411962478,1.5387,0.8447,1.2739,1.5387,0.6914,1.9446
3.7099999999999644,-0.5003220231287258,-0.7203681807454143,0.06012624584719964,1.5387,0.8447,1.2739,1.5387,0.6914,1.9446
3.7199999999999642,-0.5023553183377739,-0.722129159631822,0.05348172757477451,1.5387,0.8447,1.2739,1.5387,0.6914,1.9446
3.729999999999964,-0.504388613546822,-0.7238901385182298,0.04683720930234937,1.5387,0.8447,1.2739,1.5387,0.6914,1.9446
3.739999999999964,-0.4763633796507992,-0.7791506499327074,0.011218153293732675,1.5387,0.8447,1.2739,1.5387,0.2165,1.8206
3.7499999999999636,-0.46229644297970646,-0.7800432013182642,0.04738556167959169,2.8742,-0.9929,1.8926,2.8742,0.2165,1.8206
3.7599999999999634,-0.46456929939200253,-0.7779976305471977,0.060871176392548576,2.8742,-0.9929,1.8926,2.8742,0.2165,1.8206
3.769999999999963,-0.46684215580429866,-0.7759520597761311,0.07435679110550547,2.8742,-0.9929,1.8926,2.8742,0.2165,1.8206
3.779999999999963,-0.46911501221659474,-0.7739064890050646,0.08784240581846235,2.8742,-0.9929,1.8926,2.8742,0.2165,1.8206
3.7899999999999627,-0.47138786862889087,-0.7718609182339982,0.10132802053141925,2.8742,-0.9929,1.8926,2.8742,0.2165,1.8206
3.7999999999999625,-0.4952,-0.7826,0.1038,2.8742,-0.9929,1.8926,2.8742,0.21679662379415793,1.7843542202638683
3.8099999999999623,-0.45981731406653387,-0.7129866373692625,0.0385573274738525,3.5102,-2.4668,1.3447,3.5102,0.2201,1.3807
3.819999999999962,-0.4548826747607353,-0.6925963353320949,0.03447926706641897,3.5102,-2.4668,1.3447,3.5102,0.2201,1.3807
3.829999999999962,-0.4499480354549367,-0.6722060332949271,0.030401206658985436,3.5102,-2.4668,1.3447,3.5102,0.2201,1.3807
3.8399999999999617,-0.44501339614913815,-0.6518157312577595,0.026323146251551903,3.5102,-2.4668,1.3447,3.5102,0.2201,1.3807
3.8499999999999615,-0.4400787568433396,-0.6314254292205919,0.022245085844118367,3.5102,-2.4668,1.3447,3.5102,0.2201,1.3807
3.8599999999999612,-0.435144117537541,-0.6110351271834241,0.01816702543668483,3.5102,-2.4668,1.3447,3.5102,0.2201,1.3807
3.869999999999961,-0.5499468468445982,-0.6891743954453612,-0.028166619249163576,3.5102,-2.4668,1.3447,3.5102,-0.1176,0.8127
3.879999999999961,-0.6087,-0.7602,-0.0717,3.8574,-2.6184,1.8388,3.8574,-0.049987556860263474,0.7539761555395952
3.8899999999999606,-0.6087,-0.7602,-0.0717,3.8574,-2.6184,1.8388,3.8574,0.05074611885506798,0.6664853264860389
3.8999999999999604,-0.6087,-0.7602,-0.0717,3.8574,-2.6184,1.8388,3.8574,0.15147979457039945,0.5789944974324827
3.90999999999996,-0.6087,-0.7602,-0.0717,3.8574,-2.6184,1.8388,3.8574,0.25221347028573093,0.4915036683789264
3.91999999999996,-0.6087,-0.7602,-0.0717,3.8574,-2.6184,1.8388,3.8574,0.35294714600106236,0.40401283932537013
3.9299999999999597,-0.6597605633794908,-0.8782791293215112,-0.17940761843777944,3.8574,-2.6184,1.8388,3.8574,0.4316,0.3357
3.9399999999999595,-0.8048496251871814,-0.9198169415290186,-0.08708125937038878,3.5682,-1.6755,1.2173,3.5682,0.4316,0.3357
3.9499999999999593,-0.8606120665471452,-0.973548140445688,-0.06875171446542236,3.5682,-1.6755,1.2173,3.5682,0.4316,0.3357
3.959999999999959,-0.894093498814725,-1.0376662624993442,-0.06979938421285964,3.5682,-1.6755,1.2173,3.5682,0.4316,0.3357
3.969999999999959,-0.8992977166834478,-1.1149666085389602,-0.0954390125608606,3.5682,-1.6755,1.2173,3.5682,0.4316,0.3357
3.9799999999999587,-0.9045019345521706,-1.1922669545785762,-0.12107864090886156,3.5682,-1.6755,1.2173,3.5682,0.4316,0.3357
3.9899999999999585,-0.9097061524208935,-1.2695673006181925,-0.14671826925686252,3.5682,-1.6755,1.2173,3.5682,0.4316,0.3357
3.9999999999999583,-0.6898068611989997,-1.1504849369097618,-0.05238367508023482,3.5682,-1.6755,1.2173,3.5682,0.205,-0.1272
4.009999999999958,-0.6842,-1.1238,-0.023,1.2351,-3.9826,0.0298,1.2351,0.20170596265666782,-0.27962541081216297
4.019999999999958,-0.6842,-1.1238,-0.023,1.2351,-3.9826,0.0298,1.2351,0.19760686193074783,-0.4693036223763205
4.029999999999958,-0.6842,-1.1238,-0.023,1.2351,-3.9826,0.0298,1.2351,0.19350776120482782,-0.6589818339404779
4.039999999999957,-0.6842,-1.1238,-0.023,1.2351,-3.9826,0.0298,1.2351,0.1894086604789078,-0.8486600455046355
4.049999999999957,-0.6842,-1.1238,-0.023,1.2351,-3.9826,0.0298,1.2351,0.1853095597529878,-1.0383382570687931
4.059999999999957,-0.7332019319216826,-1.095212235512462,0.04841462741670779,1.2351,-3.9826,0.0298,1.2351,0.1823,-1.1776
4.069999999999957,-0.7302,-0.9393,-0.1055,0.1283,-6.1735,0.3762,0.1283,0.18892613339984748,-1.1832933282124902
4.0799999999999566,-0.7302,-0.9393,-0.1055,0.1283,-6.1735,0.3762,0.1283,0.22940342967364877,-1.2180723643312419
4.089999999999956,-0.7302,-0.9393,-0.1055,0.1283,-6.1735,0.3762,0.1283,0.26988072594745005,-1.2528514004499935
4.099999999999956,-0.7302,-0.9393,-0.1055,0.1283,-6.1735,0.3762,0.1283,0.3103580222212513,-1.2876304365687452
4.109999999999956,-0.7302,-0.9393,-0.1055,0.1283,-6.1735,0.3762,0.1283,0.3508353184950526,-1.3224094726874966
4.119999999999956,-0.7302,-0.9393,-0.1055,0.1283,-6.1735,0.3762,0.1283,0.39131261476885393,-1.3571885088062483
4.1299999999999555,-0.6560932849379311,-0.7782585299466922,-0.19285952813001275,0.1283,-6.1735,0.3762,0.1283,0.4089,-1.3723
4.139999999999955,-0.4411,-0.6683,-0.1247,0.15028629370577826,-4.3828090909510715,0.7214245454464521,0.15028629370577826,0.4089,-1.3723
4.149999999999955,-0.4353232814998106,-0.6644738617726018,-0.11729154607930255,0.1615,-3.4695,0.8975,0.1615,0.4089,-1.3723
4.159999999999955,-0.4289288620840282,-0.660238596964746,-0.1090909107895816,0.1615,-3.4695,0.8975,0.1615,0.4089,-1.3723
4.169999999999955,-0.42253444266824575,-0.6560033321568901,-0.10089027549986064,0.1615,-3.4695,0.8975,0.1615,0.4089,-1.3723
4.179999999999954,-0.41614002325246335,-0.6517680673490341,-0.09268964021013967,0.1615,-3.4695,0.8975,0.1615,0.4089,-1.3723
4.189999999999954,-0.40682662186629864,-0.6379952700961549,-0.0888750581543679,0.1615,-3.4695,0.8975,0.1615,0.4089,-1.3723
4.199999999999954,-0.3847,-0.538,-0.1304,1.5902619047336903,0.20151887438638116,-0.8294035497494481,1.5902619047336903,-0.3035,-1.4962
4.209999999999954,-0.3767756823049548,-0.5397934945360611,-0.13801320129593253,1.5915,0.2047,-0.8309,1.5915,-0.3035,-1.4962
4.219999999999954,-0.36884977942929836,-0.5415873478427916,-0.14562792553674794,1.5915,0.2047,-0.8309,1.5915,-0.3035,-1.4962
4.229999999999953,-0.36092387655364194,-0.5433812011495222,-0.15324264977756336,1.5915,0.2047,-0.8309,1.5915,-0.3035,-1.4962
4.239999999999953,-0.3529979736779855,-0.5451750544562527,-0.1608573740183788,1.5915,0.2047,-0.8309,1.5915,-0.3035,-1.4962
4.249999999999953,-0.3450720708023291,-0.5469689077629832,-0.16847209825919418,1.5915,0.2047,-0.8309,1.5915,-0.3035,-1.4962
4.259999999999953,-0.3715617131048081,-0.691952786375888,-0.19765639834909354,1.5915,0.2047,-0.8309,1.5915,-0.3035,-1.4962
4.2699999999999525,-0.568527078621871,-0.7266550407573289,-0.1634496082040792,2.0588,1.9462,-0.3284,2.0588,-0.3938,-1.5677
4.279999999999952,-0.6252191638177691,-0.7199235130160719,-0.1571913910071294,2.0588,1.9462,-0.3284,2.0588,-0.3938,-1.5677
4.289999999999952,-0.6688108203785755,-0.7166141357549413,-0.150430863475488,2.0588,1.9462,-0.3284,2.0588,-0.3938,-1.5677
4.299999999999952,-0.681585947360259,-0.7213547852854937,-0.1424887363398872,2.0588,1.9462,-0.3284,2.0588,-0.3938,-1.5677
4.309999999999952,-0.6943610743419424,-0.7260954348160461,-0.1345466092042864,2.0588,1.9462,-0.3284,2.0588,-0.3938,-1.5677
4.319999999999951,-0.7065,-0.7306,-0.127,2.0588,1.9462,-0.3284,2.0588,-0.42864321819374607,-1.5929356360548323
4.329999999999951,-0.6905,-0.715,-0.1015,1.1630958432622536,1.6693281472782535,-1.0644899049619494,1.1630958432622536,-0.5599,-1.688
4.339999999999951,-0.6855529864743263,-0.7088992660054413,-0.09845837330930311,0.9634,1.6076,-1.2286,0.9634,-0.5599,-1.688
4.349999999999951,-0.6804492894499802,-0.7026053074842511,-0.09532041118125986,0.9634,1.6076,-1.2286,0.9634,-0.5599,-1.688
4.359999999999951,-0.675345592425634,-0.6963113489630609,-0.09218244905321663,0.9634,1.6076,-1.2286,0.9634,-0.5599,-1.688
4.36999999999995,-0.6702418954012878,-0.6900173904418708,-0.08904448692517339,0.9634,1.6076,-1.2286,0.9634,-0.5599,-1.688
4.37999999999995,-0.6651381983769415,-0.6837234319206806,-0.08590652479713014,0.9634,1.6076,-1.2286,0.9634,-0.5599,-1.688
4.38999999999995,-0.721133958243439,-0.6783734128679805,-0.1276043459729766,0.9634,1.6076,-1.2286,0.9634,-0.5599,-1.688
4.39999999999995,-0.8096745727562373,-0.5970676754099848,-0.12884095779412305,-2.3738,1.6501,-0.7963,-2.3738,-0.3356,-1.4098
4.4099999999999495,-0.8122284342716565,-0.5925360113675869,-0.11996964937214065,-2.3738,1.6501,-0.7963,-2.3738,-0.3356,-1.4098
4.419999999999949,-0.8147822957870756,-0.588004347325189,-0.11109834095015825,-2.3738,1.6501,-0.7963,-2.3738,-0.3356,-1.4098
4.429999999999949,-0.8173361573024948,-0.5834726832827911,-0.10222703252817586,-2.3738,1.6501,-0.7963,-2.3738,-0.3356,-1.4098
4.439999999999949,-0.819890018817914,-0.5789410192403932,-0.09335572410619346,-2.3738,1.6501,-0.7963,-2.3738,-0.3356,-1.4098
4.449999999999949,-0.8224438803333332,-0.5744093551979953,-0.08448441568421106,-2.3738,1.6501,-0.7963,-2.3738,-0.3356,-1.4098
4.4599999999999485,-0.803921602191055,-0.8046212256047542,-0.08316025333689496,-2.3738,1.6501,-0.7963,-2.3738,-0.0199,-0.7528
4.469999999999948,-0.811099602033997,-0.8535572849877664,-0.10849898297581761,-3.2468,2.3903,-0.9619,-3.2468,-0.0199,-0.7528
4.479999999999948,-0.8210671751786648,-0.8678545802932419,-0.12471241064182073,-3.2468,2.3903,-0.9619,-3.2468,-0.0199,-0.7528
4.489999999999948,-0.8310347483233326,-0.8821518755987174,-0.14092583830782385,-3.2468,2.3903,-0.9619,-3.2468,-0.0199,-0.7528
4.499999999999948,-0.8410023214680005,-0.8964491709041928,-0.15713926597382694,-3.2468,2.3903,-0.9619,-3.2468,-0.0199,-0.7528
4.509999999999947,-0.8509698946126683,-0.9107464662096684,-0.17335269363983008,-3.2468,2.3903,-0.9619,-3.2468,-0.0199,-0.7528
4.519999999999947,-1.012532646142655,-0.9335167466815164,-0.253094125952009,-3.2468,2.3903,-0.9619,-3.2468,-0.0199,-0.7528
4.529999999999947,-1.3645031077175533,-1.3865187801048215,-0.15832050879522963,-4.0475,1.7071,-0.5602,-4.0475,0.1551,-0.3729
4.539999999999947,-1.3653951047204433,-1.401094011132045,-0.13206011703014675,-4.0475,1.7071,-0.5602,-4.0475,0.1551,-0.3729
4.5499999999999465,-1.3662871017233336,-1.4156692421592683,-0.10579972526506388,-4.0475,1.7071,-0.5602,-4.0475,0.1551,-0.3729
4.559999999999946,-1.3671790987262236,-1.4302444731864916,-0.079539333499981,-4.0475,1.7071,-0.5602,-4.0475,0.1551,-0.3729
4.569999999999946,-1.3680710957291136,-1.444819704213715,-0.053278941734898125,-4.0475,1.7071,-0.5602,-4.0475,0.1551,-0.3729
4.579999999999946,-1.3689630927320036,-1.459394935240938,-0.02701854996981523,-4.0475,1.7071,-0.5602,-4.0475,0.1551,-0.3729
4.589999999999946,-1.1803557232740476,-1.2621675471741922,0.2001837735816371,-4.0475,1.7071,-0.5602,-4.0475,0.5054,0.6511
4.5999999999999455,-0.9376064421680603,-1.0282869106889772,0.3339991508050202,-6.9395,-2.2423,-1.2681,-6.9395,0.5054,0.6511
4.609999999999945,-0.885652700989294,-0.9971601318793846,0.3255494547299766,-6.9395,-2.2423,-1.2681,-6.9395,0.5054,0.6511
4.619999999999945,-0.8492590920620823,-0.978012274917681,0.3117697607575364,-6.9395,-2.2423,-1.2681,-6.9395,0.5054,0.6511
4.629999999999945,-0.8128654831348706,-0.9588644179559772,0.29799006678509615,-6.9395,-2.2423,-1.2681,-6.9395,0.5054,0.6511
4.639999999999945,-0.7764718742076588,-0.9397165609942735,0.28421037281265593,-6.9395,-2.2423,-1.2681,-6.9395,0.5054,0.6511
4.649999999999944,-0.6824527889611638,-0.8449108683175794,0.2076192639468229,-6.9395,-2.2423,-1.2681,-6.9395,0.5054,0.6511
4.659999999999944,-0.5479873765073108,-0.6132597547689955,0.03135631636297199,-6.3252,-4.0131,2.4417,-6.3252,-0.713,1.1709
4.669999999999944,-0.5466762764759182,-0.5953290768748809,0.018042187875169056,-6.3252,-4.0131,2.4417,-6.3252,-0.713,1.1709
4.679999999999944,-0.5453651764445256,-0.5773983989807664,0.0047280593873661285,-6.3252,-4.0131,2.4417,-6.3252,-0.713,1.1709
4.6899999999999435,-0.5440540764131332,-0.5594677210866518,-0.0085860691004368,-6.3252,-4.0131,2.4417,-6.3252,-0.713,1.1709
4.699999999999943,-0.5427429763817406,-0.5415370431925371,-0.021900197588239724,-6.3252,-4.0131,2.4417,-6.3252,-0.713,1.1709
4.709999999999943,-0.5414318763503482,-0.5236063652984225,-0.03521432607604265,-6.3252,-4.0131,2.4417,-6.3252,-0.713,1.1709
4.719999999999943,-0.599888408163278,-0.5103253877548843,-0.08608685714232214,-6.3252,-4.0131,2.4417,-6.3252,0.6895,1.0639
4.729999999999943,-0.5600438957137197,-0.533864878415512,-0.09939844572600358,-0.7738,0.1095,2.0582,-0.7738,0.6895,1.0639
4.7399999999999425,-0.524361780404988,-0.5392279985884071,-0.07281631743800147,-0.7738,0.1095,2.0582,-0.7738,0.6895,1.0639
4.749999999999942,-0.5191343773435386,-0.534574065905007,-0.05686942961763042,-0.7738,0.1095,2.0582,-0.7738,0.6895,1.0639
4.759999999999942,-0.5139069742820892,-0.5299201332216068,-0.040922541797259356,-0.7738,0.1095,2.0582,-0.7738,0.6895,1.0639
4.769999999999942,-0.5086795712206398,-0.5252662005382067,-0.0249756539768883,-0.7738,0.1095,2.0582,-0.7738,0.6895,1.0639
4.779999999999942,-0.5067529229975297,-0.5112758434205803,-0.00017411795062172337,-0.7738,0.1095,2.0582,-0.7738,0.6895,1.0639
4.789999999999941,-0.5289,-0.4975,0.0296,0.8298940933426102,2.3117707416703768,-0.40840714275873147,0.8298940933426102,0.7523,1.312
4.799999999999941,-0.525143153435277,-0.5091020261557623,0.026358799042199753,0.8321,2.3148,-0.4118,0.8321,0.7523,1.312
4.809999999999941,-0.5213855553509154,-0.5207063731809969,0.023116949714515164,0.8321,2.3148,-0.4118,0.8321,0.7523,1.312
4.819999999999941,-0.5176279572665536,-0.5323107202062315,0.019875100386830574,0.8321,2.3148,-0.4118,0.8321,0.7523,1.312
4.829999999999941,-0.5138703591821919,-0.5439150672314661,0.01663325105914598,0.8321,2.3148,-0.4118,0.8321,0.7523,1.312
4.83999999999994,-0.5101127610978302,-0.5555194142567007,0.013391401731461389,0.8321,2.3148,-0.4118,0.8321,0.7523,1.312
4.84999999999994,-0.46721816552152495,-0.6135830893330101,-0.005027636689928173,0.8321,2.3148,-0.4118,0.8321,0.4238,1.5128
4.85999999999994,-0.47351221096368673,-0.6820605092227607,0.029716913483804182,2.0778,1.7323,0.5632,2.0778,0.4238,1.5128
4.86999999999994,-0.4996941467532277,-0.739618645498503,0.05692557277862325,2.0778,1.7323,0.5632,2.0778,0.4238,1.5128
4.8799999999999395,-0.5079956264802636,-0.7684627699737974,0.06152187228850754,2.0778,1.7323,0.5632,2.0778,0.4238,1.5128
4.889999999999939,-0.5162971062072995,-0.7973068944490916,0.06611817179839184,2.0778,1.7323,0.5632,2.0778,0.4238,1.5128
4.899999999999939,-0.5245985859343354,-0.8261510189243859,0.07071447130827613,2.0778,1.7323,0.5632,2.0778,0.4238,1.5128
4.909999999999939,-0.5348597032635529,-0.8649483382762593,0.07596519287814624,2.0778,1.7323,0.5632,2.0778,0.4238,1.5128
4.919999999999939,-0.5064,-1.078,0.1551,2.4242236516302285,1.0124286492404408,0.7437837703964221,2.4242236516302285,0.7041,1.5412
4.929999999999938,-0.4984073017684529,-1.0632876341020112,0.16531647314274367,2.9777,-0.1377,1.0323,2.9777,0.7041,1.5412
4.939999999999938,-0.48928009127216104,-1.0464869422005707,0.17698310914001994,2.9777,-0.1377,1.0323,2.9777,0.7041,1.5412
4.949999999999938,-0.4801528807758692,-1.0296862502991302,0.18864974513729618,2.9777,-0.1377,1.0323,2.9777,0.7041,1.5412
4.959999999999938,-0.47102567027957737,-1.01288555839769,0.20031638113457245,2.9777,-0.1377,1.0323,2.9777,0.7041,1.5412
4.969999999999938,-0.46189845978328553,-0.9960848664962494,0.2119830171318487,2.9777,-0.1377,1.0323,2.9777,0.7041,1.5412
4.979999999999937,-0.4380191355248046,-0.9034282305279695,0.2017065285909628,2.9777,-0.1377,1.0323,2.9777,0.7041,1.5412
4.989999999999937,-0.42282780972306544,-0.817628175640521,0.13251834814454058,2.7461,-3.6954,1.7983,2.7461,-0.2424,0.9167
4.999999999999937,-0.40400920020921377,-0.7910431558511115,0.0900271226946136,2.7461,-3.6954,1.7983,2.7461,-0.2424,0.9167
5.009999999999937,-0.407392444880637,-0.7874257702343782,0.08643596581525112,2.7461,-3.6954,1.7983,2.7461,-0.2424,0.9167
5.0199999999999365,-0.41177326502762174,-0.78484036818042,0.08459266990641053,2.7461,-3.6954,1.7983,2.7461,-0.2424,0.9167
5.029999999999936,-0.4161540851746065,-0.7822549661264617,0.08274937399756993,2.7461,-3.6954,1.7983,2.7461,-0.2424,0.9167
5.039999999999936,-0.4205349053215913,-0.7796695640725035,0.08090607808872934,2.7461,-3.6954,1.7983,2.7461,-0.2424,0.9167
5.049999999999936,-0.5797298591527303,-0.8381518309834305,0.019228591550545494,2.7461,-3.6954,1.7983,2.7461,0.088,0.0106
5.059999999999936,-0.6425736106124385,-0.9128597668133855,-0.022801264196154896,3.5558,-2.9915,2.4436,3.5558,0.088,0.0106
5.0699999999999354,-0.6436696252763587,-0.92011613976072,-0.03370472042170689,3.5558,-2.9915,2.4436,3.5558,0.088,0.0106
5.079999999999935,-0.6447656399402791,-0.9273725127080544,-0.044608176647258885,3.5558,-2.9915,2.4436,3.5558,0.088,0.0106
5.089999999999935,-0.6458616546041994,-0.9346288856553888,-0.055511632872810884,3.5558,-2.9915,2.4436,3.5558,0.088,0.0106
5.099999999999935,-0.6469576692681197,-0.9418852586027233,-0.06641508909836287,3.5558,-2.9915,2.4436,3.5558,0.088,0.0106
5.109999999999935,-0.7547,-0.9837,-0.1191,3.5558,-2.9915,2.4436,3.5558,0.2204097471155609,-0.047825489383338395
5.119999999999934,-0.8952273301340326,-1.2450054054048776,-0.2290344278856316,2.5442,-1.9175,1.2769,2.5442,1.2037,-0.4817
5.129999999999934,-0.8705998989645475,-1.3260864864859516,-0.2594714069207388,2.5442,-1.9175,1.2769,2.5442,1.2037,-0.4817
5.139999999999934,-0.862,-1.3544,-0.2701,2.5442,-1.9175,1.2769,2.5442,1.1289508033749338,-0.5001136272341966
5.149999999999934,-0.862,-1.3544,-0.2701,2.5442,-1.9175,1.2769,2.5442,1.0140934022903803,-0.5284074613374299
5.1599999999999335,-0.862,-1.3544,-0.2701,2.5442,-1.9175,1.2769,2.5442,0.8992360012058265,-0.5567012954406632
5.169999999999933,-0.862,-1.3544,-0.2701,2.5442,-1.9175,1.2769,2.5442,0.7843786001212727,-0.5849951295438963
5.179999999999933,-0.7320827220865467,-1.0372989133400308,-0.015187612063055793,2.5442,-1.9175,1.2769,2.5442,0.7462,-0.5944
5.189999999999933,-0.7124415516534206,-0.991847753568074,-0.006184236800255939,-0.4486,-4.2767,-0.5254,-0.4486,0.7462,-0.5944
5.199999999999933,-0.687951036589111,-0.9603096082694307,-0.024096963645854057,-0.4486,-4.2767,-0.5254,-0.4486,0.7462,-0.5944
5.2099999999999325,-0.6617433445525894,-0.9274960154174077,-0.03283111666027604,-0.4486,-4.2767,-0.5254,-0.4486,0.7462,-0.5944
5.219999999999932,-0.6354961267033962,-0.8946530644375484,-0.04135399815422297,-0.4486,-4.2767,-0.5254,-0.4486,0.7462,-0.5944
5.229999999999932,-0.6092489088542028,-0.8618101134576892,-0.049876879648169906,-0.4486,-4.2767,-0.5254,-0.4486,0.7462,-0.5944
5.239999999999932,-0.5836658805037104,-0.822158805032769,-0.05386603773601265,-0.4486,-4.2767,-0.5254,-0.4486,0.1369,-0.9352
5.249999999999932,-0.5267590854151254,-0.6924830076553598,-0.040068593875883726,-0.6338,-4.136,-0.1238,-0.6338,0.1369,-0.9352
5.259999999999931,-0.5067147663176228,-0.6570780922645447,-0.04339252618853491,-0.6338,-4.136,-0.1238,-0.6338,0.1369,-0.9352
5.269999999999931,-0.48749950614904825,-0.6311378619153978,-0.05341384719649683,-0.6338,-4.136,-0.1238,-0.6338,0.1369,-0.9352
5.279999999999931,-0.47016630192710646,-0.6266835189309882,-0.0786389851842948,-0.6338,-4.136,-0.1238,-0.6338,0.1369,-0.9352
5.289999999999931,-0.457,-0.6233,-0.0978,-0.6338,-4.136,-0.1238,-0.6338,0.09500608917317621,-0.957448484075795
5.2999999999999305,-0.457,-0.6233,-0.0978,-0.6338,-4.136,-0.1238,-0.6338,-0.07926142675038886,-1.049996254776431
5.30999999999993,-0.4474,-0.654,-0.2012,0.163785399353771,-1.523301691116107,0.049388781516327085,0.163785399353771,-0.1367,-1.0805
5.31999999999993,-0.4919907064957728,-0.6739475106685798,-0.23101228070193136,0.5143,-0.3751,0.1255,0.5143,-0.1367,-1.0805
5.32999999999993,-0.5201767873134318,-0.6715767188241039,-0.20567115009764358,0.5143,-0.3751,0.1255,0.5143,-0.1367,-1.0805
5.33999999999993,-0.5442854007659544,-0.6684130497393763,-0.17738728435262,0.5143,-0.3751,0.1255,0.5143,-0.1367,-1.0805
5.3499999999999295,-0.5660013651679013,-0.6647841220011199,-0.14737662797751566,0.5143,-0.3751,0.1255,0.5143,-0.1367,-1.0805
5.359999999999929,-0.5877173295698482,-0.6611551942628635,-0.11736597160241131,0.5143,-0.3751,0.1255,0.5143,-0.1367,-1.0805
5.369999999999929,-0.606,-0.6581,-0.0921,0.5143,-0.3751,0.1255,0.5143,-0.07723291189518475,-1.2569648360253183
5.379999999999929,-0.6531577594077804,-0.6052194357670774,0.0072262075262243585,1.0246,1.7011,-1.1403,1.0246,-0.0415,-1.363
5.389999999999929,-0.6687775027633819,-0.567539808718488,0.01972200221070553,1.0246,1.7011,-1.1403,1.0246,-0.0415,-1.363
5.399999999999928,-0.6843972461189833,-0.5298601816698986,0.032217796895186696,1.0246,1.7011,-1.1403,1.0246,-0.0415,-1.363
5.409999999999928,-0.6855,-0.5272,0.0331,1.0246,1.7011,-1.1403,1.0246,0.08619944547036734,-1.27223604436299
5.419999999999928,-0.6855,-0.5272,0.0331,1.0246,1.7011,-1.1403,1.0246,0.22359932224177378,-1.1745773875546137
5.429999999999928,-0.6855,-0.5272,0.0331,1.0246,1.7011,-1.1403,1.0246,0.3609991990131802,-1.0769187307462373
5.439999999999928,-0.5514158165585628,-0.4968934766156145,-0.14160093839864843,1.0246,1.7011,-1.1403,1.0246,0.4045,-1.046
5.449999999999927,-0.5417973633190524,-0.5053666925164245,-0.12629914695637753,-0.9213,2.1717,-0.6047,-0.9213,0.4045,-1.046
5.459999999999927,-0.5505432165782828,-0.5129062211881749,-0.0997169230108349,-0.9213,2.1717,-0.6047,-0.9213,0.4045,-1.046
5.469999999999927,-0.5568,-0.5183,-0.0807,-0.9213,2.1717,-0.6047,-0.9213,0.3571665080394057,-1.0296086513533378
5.479999999999927,-0.5568,-0.5183,-0.0807,-0.9213,2.1717,-0.6047,-0.9213,0.19085065434367057,-0.972014313169635
5.4899999999999265,-0.5568,-0.5183,-0.0807,-0.9213,2.1717,-0.6047,-0.9213,0.02453480064793545,-0.9144199749859321
5.499999999999926,-0.5571432882737393,-0.5181406161586211,-0.07967830870910918,-0.9213,2.1717,-0.6047,-0.9213,-0.1407,-0.8572
5.509999999999926,-0.5624,-0.5171,-0.0332,-1.090236669262869,2.9404709147316614,-0.8238086786422291,-1.090236669262869,-0.1407,-0.8572
5.519999999999926,-0.5648012312084375,-0.5340635366015422,-0.040287505018452546,-1.2698,3.7576,-1.0567,-1.2698,-0.1407,-0.8572
5.529999999999926,-0.567566989338428,-0.553602279519862,-0.04845095240213411,-1.2698,3.7576,-1.0567,-1.2698,-0.1407,-0.8572
5.539999999999925,-0.5886896910814511,-0.5724366542843976,-0.05478197923607864,-1.2698,3.7576,-1.0567,-1.2698,-0.1407,-0.8572
5.549999999999925,-0.6207562371017064,-0.5908511064544453,-0.06002057338790252,-1.2698,3.7576,-1.0567,-1.2698,-0.1407,-0.8572
5.559999999999925,-0.6528227831219617,-0.6092655586244928,-0.06525916753972642,-1.2698,3.7576,-1.0567,-1.2698,-0.1407,-0.8572
5.569999999999925,-0.8406,-0.7344,-0.1025,-1.2698,3.7576,-1.0567,-1.2698,0.019351845335546652,-1.034358304034254
5.579999999999925,-1.0926831925120697,-1.006552151305723,-0.15618375146219216,-1.5441,3.7025,-0.9847,-1.5441,0.0773,-1.0985
5.589999999999924,-1.1728859742617104,-1.0941209367816946,-0.17958164565171453,-1.5441,3.7025,-0.9847,-1.5441,0.0773,-1.0985
5.599999999999924,-1.2530887560113508,-1.181689722257666,-0.2029795398412369,-1.5441,3.7025,-0.9847,-1.5441,0.0773,-1.0985
5.609999999999924,-1.281232673119709,-1.1747240506330392,-0.15047615785600532,-1.5441,3.7025,-0.9847,-1.5441,0.0773,-1.0985
5.619999999999924,-1.303918203027875,-1.1578464135022373,-0.09001450484036821,-1.5441,3.7025,-0.9847,-1.5441,0.0773,-1.0985
5.6299999999999235,-1.3064,-1.156,-0.0834,-1.5441,3.7025,-0.9847,-1.5441,0.45387106903909996,-0.7745913585773768
5.639999999999923,-1.2499,-1.0224,0.1724,-1.663163401186339,3.6130788165892227,-0.9936607160536419,-1.663163401186339,0.457,-0.7719
5.649999999999923,-1.24004088376717,-1.0013261390523258,0.22958287415041426,-4.361,1.5869,-1.1967,-4.361,0.457,-0.7719
5.659999999999923,-1.2278299397085577,-0.9752252461270422,0.30040634969036495,-4.361,1.5869,-1.1967,-4.361,0.457,-0.7719
5.669999999999923,-1.2179,-0.954,0.358,-4.361,1.5869,-1.1967,-4.361,0.5011471047593926,-0.6925400834955642
5.6799999999999224,-1.2179,-0.954,0.358,-4.361,1.5869,-1.1967,-4.361,0.7374806420250153,-0.26770113002812457
5.689999999999922,-1.2179,-0.954,0.358,-4.361,1.5869,-1.1967,-4.361,0.9738141792906381,0.15713782343931515
5.699999999999922,-1.0667329087059167,-1.4172016985153062,0.16825605095695575,-4.361,1.5869,-1.1967,-4.361,1.1137,0.4086
5.709999999999922,-0.9980706163753671,-1.2793572585105912,0.07012091996313195,-8.2541,-1.8919,0.0089,-8.2541,1.1137,0.4086
5.719999999999922,-0.9952371297148336,-1.1600196320156562,0.07902616375337995,-8.2541,-1.8919,0.0089,-8.2541,1.1137,0.4086
5.729999999999921,-0.9924036430543002,-1.0406820055207213,0.08793140754362795,-8.2541,-1.8919,0.0089,-8.2541,1.1137,0.4086
5.739999999999921,-0.9858162364696798,-0.9496213155709359,0.10586419650272672,-8.2541,-1.8919,0.0089,-8.2541,1.1137,0.4086
5.749999999999921,-0.976833822824485,-0.8766013574552246,0.12955657406687768,-8.2541,-1.8919,0.0089,-8.2541,1.1137,0.4086
5.759999999999921,-0.9678514091792905,-0.8035813993395133,0.15324895163102864,-8.2541,-1.8919,0.0089,-8.2541,1.1137,0.4086
5.7699999999999205,-0.9588689955340959,-0.7305614412238022,0.1769413291951796,-8.2541,-1.8919,0.0089,-8.2541,1.1137,0.4086
5.77999999999992,-0.8588417066160203,-0.5862971236816662,0.32701073825458143,-6.2996,-3.7364,2.4021,-6.2996,2.5663,0.5
5.78999999999992,-0.797567410442397,-0.5889555390917595,0.38375265405689835,-6.2996,-3.7364,2.4021,-6.2996,2.5663,0.5
5.79999999999992,-0.7362931142687736,-0.5916139545018526,0.4404945698592153,-6.2996,-3.7364,2.4021,-6.2996,2.5663,0.5
5.80999999999992,-0.5849748874265362,-0.6032971380325372,0.5599491167300471,-6.2996,-3.7364,2.4021,-6.2996,2.5663,0.5
5.8199999999999195,-0.5673094908210631,-0.6061114781780169,0.5751898510563378,-6.2996,-3.7364,2.4021,-6.2996,2.5663,0.5
5.829999999999919,-0.5542,-0.6082,0.5865,-6.2996,-3.7364,2.4021,-6.2996,2.2081234541024015,1.2933525921050921
5.839999999999919,-0.5817,-0.6353,0.5503,-4.747718750089543,-1.0636812501542154,2.6508937499856446,-4.747718750089543,2.1216,1.485
5.849999999999919,-0.5981548015268512,-0.6452786145805403,0.520496323338916,-3.5407,1.0151,2.8444,-3.5407,2.1216,1.485
5.859999999999919,-0.616612234535264,-0.6564716763647584,0.48706539046022457,-3.5407,1.0151,2.8444,-3.5407,2.1216,1.485
5.869999999999918,-0.6363719311779449,-0.6690140575571394,0.45172147210898606,-3.5407,1.0151,2.8444,-3.5407,2.1216,1.485
5.879999999999918,-0.6615628886657929,-0.6871839518554188,0.408399197593131,-3.5407,1.0151,2.8444,-3.5407,2.1216,1.485
5.889999999999918,-0.686753846153641,-0.7053538461536982,0.3650769230772759,-3.5407,1.0151,2.8444,-3.5407,2.1216,1.485
5.899999999999918,-0.6968,-0.7126,0.3478,-2.1252418338144876,1.2758228599007644,3.947219665296152,-2.1252418338144876,1.7874,1.4423
5.9099999999999175,-0.7419760712478615,-0.7559140364187601,0.27226688705841445,0.2927,1.7212,5.8311,0.2927,1.7874,1.4423
5.919999999999917,-0.7493826757713096,-0.7627425644915976,0.26001889226110275,0.2927,1.7212,5.8311,0.2927,1.7874,1.4423
5.929999999999917,-0.7567892802947577,-0.7695710925644351,0.247770897463791,0.2927,1.7212,5.8311,0.2927,1.7874,1.4423
5.939999999999917,-0.778808248378147,-0.7998487766449042,0.24400263206658596,0.2927,1.7212,5.8311,0.2927,1.7874,1.4423
5.949999999999917,-0.7764912882298617,-0.8164845505095932,0.2612408155698292,0.2927,1.7212,5.8311,0.2927,1.7874,1.4423
5.9599999999999165,-0.7744,-0.8315,0.2768,0.2927,1.7212,5.8311,0.2927,1.683391172604433,1.4508658102759457
5.969999999999916,-0.7623160521838405,-0.8800105312912767,0.3430059841179014,-0.0673,0.0716,4.0169,-0.0673,1.4632,1.469
5.979999999999916,-0.7547531858575032,-0.8899683052876208,0.3525541028549022,-0.0673,0.0716,4.0169,-0.0673,1.4632,1.469
5.989999999999916,-0.7471903195311659,-0.8999260792839648,0.362102221591903,-0.0673,0.0716,4.0169,-0.0673,1.4632,1.469
5.999999999999916,-0.7396274532048286,-0.9098838532803089,0.3716503403289038,-0.0673,0.0716,4.0169,-0.0673,1.4632,1.469
6.009999999999915,-0.7384,-0.9115,0.3732,-0.0673,0.0716,4.0169,-0.0673,1.437899079617806,1.4639847287999792
6.019999999999915,-0.7384,-0.9115,0.3732,-0.0673,0.0716,4.0169,-0.0673,1.4076962380486877,1.4579977749978168
6.029999999999915,-0.7207,-0.9454,0.3831,-0.131494094920312,-0.6195302427994958,3.9016565121456344,-0.131494094920312,1.3956,1.4556
6.039999999999915,-0.675746924428976,-0.9544954305799938,0.37222952548340227,-0.2226,-1.6004,3.7381,-0.2226,1.3956,1.4556
6.049999999999915,-0.6575864089046648,-0.9510729904726957,0.36060556223609275,-0.2226,-1.6004,3.7381,-0.2226,1.3956,1.4556
6.059999999999914,-0.6394258933803536,-0.9476505503653977,0.3489815989887832,-0.2226,-1.6004,3.7381,-0.2226,1.3956,1.4556
6.069999999999914,-0.6001180487817215,-0.938496390244224,0.32278019512279404,-0.2226,-1.6004,3.7381,-0.2226,1.3956,1.4556
6.079999999999914,-0.5701064387050802,-0.9166271371409435,0.30117195343769065,-0.2226,-1.6004,3.7381,-0.2226,1.3956,1.4556
6.089999999999914,-0.5588296107676488,-0.8973473990543673,0.2921816712571578,-0.2226,-1.6004,3.7381,-0.2226,1.3956,1.4556
6.0999999999999135,-0.5602782414558415,-0.8342705355389064,0.28663279788829066,0.7443,-3.046,4.8112,0.7443,0.884,0.9902
6.109999999999913,-0.5568240585245602,-0.8182352635571044,0.27312497683181647,0.7443,-3.046,4.8112,0.7443,0.884,0.9902
6.119999999999913,-0.5533698755932788,-0.8021999915753024,0.2596171557753423,0.7443,-3.046,4.8112,0.7443,0.884,0.9902
6.129999999999913,-0.5499156926619975,-0.7861647195935003,0.24610933471886806,0.7443,-3.046,4.8112,0.7443,0.884,0.9902
6.139999999999913,-0.5373332954547334,-0.796874817193353,0.21373766798463353,0.7443,-3.046,4.8112,0.7443,0.884,0.9902
6.149999999999912,-0.515742386363825,-0.8339795602763556,0.16274952569214512,0.7443,-3.046,4.8112,0.7443,0.884,0.9902
6.159999999999912,-0.4847239222051342,-0.8980708427855988,0.11300583468503403,0.7443,-3.046,4.8112,0.7443,1.2709,0.7037
6.169999999999912,-0.4322192828147937,-1.0065045246953785,0.06026165426251543,2.1483,-2.8381,4.2673,2.1483,1.2709,0.7037
6.179999999999912,-0.411696053225259,-1.0243495855884768,0.06043080175913248,2.1483,-2.8381,4.2673,2.1483,1.2709,0.7037
6.189999999999912,-0.39117282363572425,-1.0421946464815748,0.060599949255749526,2.1483,-2.8381,4.2673,2.1483,1.2709,0.7037
6.199999999999911,-0.3706495940461895,-1.060039707374673,0.060769096752366566,2.1483,-2.8381,4.2673,2.1483,1.2709,0.7037
6.209999999999911,-0.34270123773767536,-0.8726438804408495,0.0832503193103406,2.1483,-2.8381,4.2673,2.1483,1.2709,0.7037
6.219999999999911,-0.360806445453786,-0.7538737178231638,0.04802746066263451,2.1483,-2.8381,4.2673,2.1483,1.2709,0.7037
6.229999999999911,-0.4173853575085385,-0.7435100752651885,-0.0942633595598969,2.1483,-2.8381,4.2673,2.1483,1.0707,-0.1651
6.2399999999999105,-0.4280490383787449,-0.7665394250333774,-0.12362501934675325,2.7644,-2.6098,2.6472,2.7644,1.0707,-0.1651
6.24999999999991,-0.4407177878413261,-0.8000456877522855,-0.15913764510272171,2.7644,-2.6098,2.6472,2.7644,1.0707,-0.1651
6.25999999999991,-0.45338653730390727,-0.8335519504711935,-0.19465027085869016,2.7644,-2.6098,2.6472,2.7644,1.0707,-0.1651
6.26999999999991,-0.5033,-0.9278,-0.2639,2.7644,-2.6098,2.6472,2.7644,1.0735059720687794,-0.17247492116216773
6.27999999999991,-0.5033,-0.9278,-0.2639,2.7644,-2.6098,2.6472,2.7644,1.2395398223808893,-0.6088607889786086
6.289999999999909,-0.5671,-0.9519,-0.2066,2.957382270701843,-2.1759073556451707,2.295993310698658,2.957382270701843,1.3287,-0.8432
6.299999999999909,-0.574556116731,-0.9504138574829182,-0.1950157096104395,3.2963,-1.4139,1.6792,3.2963,1.3287,-0.8432
6.309999999999909,-0.5891103168698473,-0.947512935138378,-0.17240339184786946,3.2963,-1.4139,1.6792,3.2963,1.3287,-0.8432
6.319999999999909,-0.6036645170086944,-0.9446120127938378,-0.14979107408529943,3.2963,-1.4139,1.6792,3.2963,1.3287,-0.8432
6.329999999999909,-0.6182187171475415,-0.9417110904492976,-0.1271787563227294,3.2963,-1.4139,1.6792,3.2963,1.3287,-0.8432
6.339999999999908,-0.6406162971255818,-0.908674127439781,-0.05195005945318524,3.2963,-1.4139,1.6792,3.2963,1.3287,-0.8432
6.349999999999908,-0.606832985941418,-0.8588734699591918,-0.035303210463887146,3.2963,-1.4139,1.6792,3.2963,1.3287,-0.8432
6.359999999999908,-0.5714319462838848,-0.7627787403081232,-0.07002848496231456,3.2963,-1.4139,1.6792,3.2963,1.994,-1.0094
6.369999999999908,-0.5574615109499749,-0.7440199533497972,-0.09190822599435677,1.0858,-1.5552,-0.5577,1.0858,1.994,-1.0094
6.3799999999999075,-0.5440106880913511,-0.7386033406764786,-0.11370426072287808,1.0858,-1.5552,-0.5577,1.0858,1.994,-1.0094
6.389999999999907,-0.5305598652327274,-0.73318672800316,-0.13550029545139938,1.0858,-1.5552,-0.5577,1.0858,1.994,-1.0094
6.399999999999907,-0.5171090423741037,-0.7277701153298414,-0.15729633017992067,1.0858,-1.5552,-0.5577,1.0858,1.994,-1.0094
6.409999999999907,-0.4881,-0.7259,-0.2165,1.0858,-1.5552,-0.5577,1.0858,1.4933581354202095,-1.0281817011100518
6.419999999999907,-0.4894882191780055,-0.7207897438954579,-0.21676154854078364,1.0858,-1.5552,-0.5577,1.0858,0.5999,-1.0617
6.4299999999999065,-0.4956178066876089,-0.7006404106108202,-0.2173202637463643,-0.332,-0.36,0.5566,-0.332,0.5999,-1.0617
6.439999999999906,-0.5023258054679726,-0.7021649557881756,-0.2121114010570668,-0.332,-0.36,0.5566,-0.332,0.5999,-1.0617
6.449999999999906,-0.5090338042483361,-0.703689500965531,-0.20690253836776928,-0.332,-0.36,0.5566,-0.332,0.5999,-1.0617
6.459999999999906,-0.5157418030286998,-0.7052140461428863,-0.2016936756784718,-0.332,-0.36,0.5566,-0.332,0.5999,-1.0617
6.469999999999906,-0.5255756531403816,-0.7197229016112084,-0.19425525291847176,-0.332,-0.36,0.5566,-0.332,0.5999,-1.0617
6.479999999999905,-0.5496649815040949,-0.7759841905931611,-0.18531799365868143,-0.332,-0.36,0.5566,-0.332,0.5999,-1.0617
6.489999999999905,-0.595655510988993,-0.7986324081500259,-0.176397497192524,-0.332,-0.36,0.5566,-0.332,1.3676,-1.2843
6.499999999999905,-0.6238209588512584,-0.801301012690698,-0.17481510062806993,-0.0887,1.5035,-1.1337,-0.0887,1.3676,-1.2843
6.509999999999905,-0.6418442891935218,-0.7994807332393457,-0.18058359184714423,-0.0887,1.5035,-1.1337,-0.0887,1.3676,-1.2843
6.5199999999999045,-0.659867619535785,-0.7976604537879933,-0.1863520830662185,-0.0887,1.5035,-1.1337,-0.0887,1.3676,-1.2843
6.529999999999904,-0.6778909498780482,-0.795840174336641,-0.1921205742852928,-0.0887,1.5035,-1.1337,-0.0887,1.3676,-1.2843
6.539999999999904,-0.7358,-0.8032,-0.235,-0.0887,1.5035,-1.1337,-0.0887,1.3793452805735282,-1.3215970995695814
6.549999999999904,-0.7358,-0.8032,-0.235,-0.3470766793515527,1.4913109077400881,-1.1989936170180073,-0.3470766793515527,1.428,-1.4761
6.559999999999904,-0.7454434316345865,-0.7989533512067877,-0.23982171581729322,-1.5386,1.4351,-1.5001,-1.5386,1.428,-1.4761
6.5699999999999035,-0.7566299296556941,-0.7851435172159412,-0.23913059607560386,-1.5386,1.4351,-1.5001,-1.5386,1.428,-1.4761
6.579999999999903,-0.7554945476983943,-0.7752459484142631,-0.23120760459096873,-1.5386,1.4351,-1.5001,-1.5386,1.428,-1.4761
6.589999999999903,-0.7543591657410945,-0.765348379612585,-0.22328461310633357,-1.5386,1.4351,-1.5001,-1.5386,1.428,-1.4761
6.599999999999903,-0.7532237837837948,-0.7554508108109067,-0.21536162162169845,-1.5386,1.4351,-1.5001,-1.5386,1.428,-1.4761
6.609999999999903,-0.7109429479636562,-0.7206742170944505,-0.15726795385005443,-1.5386,1.4351,-1.5001,-1.5386,1.428,-1.4761
6.619999999999902,-0.6962,-0.7195,-0.1467,-2.399250895147878,1.390171343318321,-1.772605877709639,-2.399250895147878,1.3529,-0.7707
6.629999999999902,-0.6426162372650227,-0.7594910658306525,-0.111697159091047,-3.504,1.3325,-2.1224,-3.504,1.3529,-0.7707
6.639999999999902,-0.6289749755095371,-0.7665443573667026,-0.09749261363650183,-3.504,1.3325,-2.1224,-3.504,1.3529,-0.7707
6.649999999999902,-0.6153337137540514,-0.7735976489027526,-0.08328806818195666,-3.504,1.3325,-2.1224,-3.504,1.3529,-0.7707
6.6599999999999016,-0.6016924519985659,-0.7806509404388026,-0.06908352272741151,-3.504,1.3325,-2.1224,-3.504,1.3529,-0.7707
6.669999999999901,-0.5779587827024543,-0.7910778964225238,-0.044516550988652315,-3.504,1.3325,-2.1224,-3.504,1.3529,-0.7707
6.679999999999901,-0.5519975936370186,-0.8008516814336095,-0.01757845348400671,-3.504,1.3325,-2.1224,-3.504,0.6002,0.1322
6.689999999999901,-0.5261,-0.8134,0.0109,-3.3084567054020817,1.5338871171950974,-1.8051172122762305,-3.3084567054020817,0.6002,0.1322
6.699999999999901,-0.5182327891157401,-0.814984761904743,0.016654195011269263,-3.0255,1.8253,-1.346,-3.0255,0.6002,0.1322
6.7099999999999005,-0.5087770068028151,-0.8168895238095049,0.023570294784511708,-3.0255,1.8253,-1.346,-3.0255,0.6002,0.1322
6.7199999999999,-0.49932122448989025,-0.8187942857142667,0.030486394557754152,-3.0255,1.8253,-1.346,-3.0255,0.6002,0.1322
6.7299999999999,-0.4898654421769653,-0.8206990476190286,0.03740249433099659,-3.0255,1.8253,-1.346,-3.0255,0.6002,0.1322
6.7399999999999,-0.4938406908165173,-0.8024018534123578,0.06057329401855597,-3.0255,1.8253,-1.346,-3.0255,0.6002,0.1322
6.7499999999999,-0.5427179066107828,-0.7764487790949475,0.06279276024547141,-3.0255,1.8253,-1.346,-3.0255,0.7464,0.2241
6.759999999999899,-0.5764665923032963,-0.7619397099833359,0.06920998326826168,-1.4188,1.0917,-0.0332,-1.4188,0.7464,0.2241
6.769999999999899,-0.5870410485219241,-0.7551800892359853,0.06958923591745297,-1.4188,1.0917,-0.0332,-1.4188,0.7464,0.2241
6.779999999999899,-0.5976155047405517,-0.7484204684886346,0.06996848856664425,-1.4188,1.0917,-0.0332,-1.4188,0.7464,0.2241
6.789999999999899,-0.6081899609591794,-0.741660847741284,0.07034774121583555,-1.4188,1.0917,-0.0332,-1.4188,0.7464,0.2241
6.799999999999899,-0.6187644171778072,-0.7349012269939335,0.07072699386502684,-1.4188,1.0917,-0.0332,-1.4188,0.7464,0.2241
6.809999999999898,-0.6331,-0.6823,0.0332,-1.4188,1.0917,-0.0332,-1.4188,0.46380793041250856,0.04331189561371068
6.819999999999898,-0.6492414163735158,-0.6964486489199954,-0.007751371169845735,-1.4188,1.0917,-0.0332,-1.4188,0.4591,0.0403
6.829999999999898,-0.6602431579859958,-0.7112701005186707,-0.012312053581059005,-1.1108,1.1872,0.3941,-1.1108,0.4591,0.0403
6.839999999999898,-0.6752667137055848,-0.7315475586719887,-0.018369238618292122,-1.1108,1.1872,0.3941,-1.1108,0.4591,0.0403
6.8499999999998975,-0.6902902694251737,-0.7518250168253068,-0.024426423655525237,-1.1108,1.1872,0.3941,-1.1108,0.4591,0.0403
6.859999999999897,-0.7053138251447627,-0.7721024749786247,-0.030483608692758353,-1.1108,1.1872,0.3941,-1.1108,0.4591,0.0403
6.869999999999897,-0.7523329918004437,-0.8600005269262102,-0.030823507026178133,-1.1108,1.1872,0.3941,-1.1108,0.4591,0.0403
6.879999999999897,-0.8279476045806842,-0.9899488665591982,0.05430995559625046,-1.1108,1.1872,0.3941,-1.1108,0.836,0.1572
6.889999999999897,-0.8184984149007829,-0.9020245879584611,0.10261598553634647,-2.1505,1.8764,-0.1965,-2.1505,0.836,0.1572
6.899999999999896,-0.8175944458459562,-0.885542919609992,0.11703744534125701,-2.1505,1.8764,-0.1965,-2.1505,0.836,0.1572
6.909999999999896,-0.8166904767911294,-0.8690612512615228,0.13145890514616757,-2.1505,1.8764,-0.1965,-2.1505,0.836,0.1572
6.919999999999896,-0.8157865077363027,-0.8525795829130536,0.1458803649510781,-2.1505,1.8764,-0.1965,-2.1505,0.836,0.1572
6.929999999999896,-0.814882538681476,-0.8360979145645845,0.16030182475598864,-2.1505,1.8764,-0.1965,-2.1505,0.836,0.1572
6.939999999999896,-0.7967,-0.8912,0.1954,-2.1505,1.8764,-0.1965,-2.1505,1.0072880208230546,0.31204401040737473
6.949999999999895,-0.7397156910757591,-0.9877835744478661,0.15580073447637494,-2.1505,1.8764,-0.1965,-2.1505,1.2162,0.5009
6.959999999999895,-0.7225263544351604,-1.0089651325529592,0.14206500273842243,-3.3452,-0.7246,-0.3079,-3.3452,1.2162,0.5009
6.969999999999895,-0.7073136812642313,-1.0217032108880837,0.12855614896263742,-3.3452,-0.7246,-0.3079,-3.3452,1.2162,0.5009
6.979999999999895,-0.6921010080933023,-1.0344412892232082,0.11504729518685242,-3.3452,-0.7246,-0.3079,-3.3452,1.2162,0.5009
6.9899999999998945,-0.6768883349223733,-1.047179367558333,0.10153844141106744,-3.3452,-0.7246,-0.3079,-3.3452,1.2162,0.5009
6.999999999999894,-0.6616756617514442,-1.0599174458934575,0.08802958763528243,-3.3452,-0.7246,-0.3079,-3.3452,1.2162,0.5009
7.009999999999894,-0.5757112973773132,-0.9778276239104038,0.1424400874607322,-3.3452,-0.7246,-0.3079,-3.3452,1.2162,0.5009
7.019999999999894,-0.5881298159977402,-0.8466538226669545,0.239082154192187,-2.3512,-0.7231,1.1717,-2.3512,1.8201,0.8453
7.029999999999894,-0.5890739323450143,-0.8346816238802447,0.24767963922693842,-2.3512,-0.7231,1.1717,-2.3512,1.8201,0.8453
7.0399999999998935,-0.5900180486922884,-0.8227094250935347,0.25627712426168986,-2.3512,-0.7231,1.1717,-2.3512,1.8201,0.8453
7.049999999999893,-0.5909621650395624,-0.8107372263068248,0.26487460929644124,-2.3512,-0.7231,1.1717,-2.3512,1.8201,0.8453
7.059999999999893,-0.5919062813868365,-0.7987650275201149,0.2734720943311927,-2.3512,-0.7231,1.1717,-2.3512,1.8201,0.8453
7.069999999999893,-0.5818918783429737,-0.7748038435838233,0.29251971925054104,-2.3512,-0.7231,1.1717,-2.3512,1.8201,0.8453
7.079999999999893,-0.5702630418251411,-0.7497782509508467,0.3006373384030906,-2.3512,-0.7231,1.1717,-2.3512,1.3494,0.7926
7.089999999999892,-0.5717171875933127,-0.7434479591226615,0.2961933783542255,-0.1853,-1.3591,1.2995,-0.1853,1.3494,0.7926
7.099999999999892,-0.577832847267808,-0.7462567800155079,0.2892012071954376,-0.1853,-1.3591,1.2995,-0.1853,1.3494,0.7926
7.109999999999892,-0.5839485069423035,-0.7490656009083544,0.28220903603664976,-0.1853,-1.3591,1.2995,-0.1853,1.3494,0.7926
7.119999999999892,-0.5900641666167988,-0.7518744218012008,0.2752168648778619,-0.1853,-1.3591,1.2995,-0.1853,1.3494,0.7926
7.1299999999998915,-0.5961798262912942,-0.7546832426940472,0.26822469371907404,-0.1853,-1.3591,1.2995,-0.1853,1.3494,0.7926
7.139999999999891,-0.5834174346799426,-0.7273522090276525,0.18535239905200276,-0.1853,-1.3591,1.2995,-0.1853,1.3494,0.7926
7.149999999999891,-0.5618,-0.7061,0.1466,0.05623019014621827,-0.7787104200358475,1.8176772582598235,0.05623019014621827,0.992,1.0004
7.159999999999891,-0.5569309887180526,-0.7063007839703895,0.15041489543740208,0.4681,0.211,2.7013,0.4681,0.992,1.0004
7.169999999999891,-0.5511407505422762,-0.706539556678669,0.1549515768947114,0.4681,0.211,2.7013,0.4681,0.992,1.0004
7.1799999999998905,-0.5453505123664999,-0.7067783293869485,0.1594882583520207,0.4681,0.211,2.7013,0.4681,0.992,1.0004
7.18999999999989,-0.5395602741907235,-0.707017102095228,0.16402493980933,0.4681,0.211,2.7013,0.4681,0.992,1.0004
7.19999999999989,-0.5337700360149471,-0.7072558748035074,0.16856162126663932,0.4681,0.211,2.7013,0.4681,0.992,1.0004
7.20999999999989,-0.5102,-0.724454496643784,0.19979489932853708,0.4681,0.211,2.7013,0.4681,0.4942,1.2954
7.21999999999989,-0.50927687062192,-0.7373978446273711,0.20761504673072156,1.1075,0.0292,1.7347,1.1075,0.4942,1.2954
7.229999999999889,-0.5074002099630448,-0.7365802894888512,0.20642587562014722,1.1075,0.0292,1.7347,1.1075,0.4942,1.2954
7.239999999999889,-0.5055235493041698,-0.7357627343503313,0.2052367045095729,1.1075,0.0292,1.7347,1.1075,0.4942,1.2954
7.249999999999889,-0.5036468886452946,-0.7349451792118116,0.20404753339899856,1.1075,0.0292,1.7347,1.1075,0.4942,1.2954
7.259999999999889,-0.5017702279864195,-0.7341276240732917,0.20285836228842424,1.1075,0.0292,1.7347,1.1075,0.4942,1.2954
7.2699999999998886,-0.4993777413001382,-0.7274052527911471,0.19378292843153397,1.1075,0.0292,1.7347,1.1075,0.4942,1.2954
7.279999999999888,-0.5575,-0.7351,0.1197,2.1884501204379303,-0.5072708433516582,1.8982604819210536,2.1884501204379303,0.5392,1.2651
7.289999999999888,-0.5811147914836343,-0.7886020412359092,0.04322502196387348,2.2548,-0.5402,1.9083,2.2548,0.5392,1.2651
7.299999999999888,-0.5811334841206046,-0.7929013477390775,0.04098190552743785,2.2548,-0.5402,1.9083,2.2548,0.5392,1.2651
7.309999999999888,-0.581152176757575,-0.7972006542422457,0.038738789091002215,2.2548,-0.5402,1.9083,2.2548,0.5392,1.2651
7.3199999999998875,-0.5811708693945453,-0.8014999607454141,0.03649567265456658,2.2548,-0.5402,1.9083,2.2548,0.5392,1.2651
7.329999999999887,-0.5811895620315156,-0.8057992672485824,0.03425255621813095,2.2548,-0.5402,1.9083,2.2548,0.5392,1.2651
7.339999999999887,-0.5754,-0.7936,0.0796,2.2548,-0.5402,1.9083,2.2548,0.5749258080766769,1.2713409595952379
7.349999999999887,-0.5248165841988669,-0.7165406448807988,0.13803598499259992,2.5027,-1.3289,1.5209,2.5027,0.6119,1.2778
7.359999999999887,-0.5182735287188316,-0.7032370362316409,0.14329217914553694,2.5027,-1.3289,1.5209,2.5027,0.6119,1.2778
7.369999999999886,-0.5117304732387962,-0.6899334275824831,0.14854837329847398,2.5027,-1.3289,1.5209,2.5027,0.6119,1.2778
7.379999999999886,-0.5051874177587607,-0.6766298189333253,0.153804567451411,2.5027,-1.3289,1.5209,2.5027,0.6119,1.2778
7.389999999999886,-0.4986443622787254,-0.6633262102841675,0.159060761604348,2.5027,-1.3289,1.5209,2.5027,0.6119,1.2778
7.399999999999886,-0.49210130679869,-0.6500226016350097,0.16431695575728503,2.5027,-1.3289,1.5209,2.5027,0.6119,1.2778
7.409999999999886,-0.4482421052645434,-0.6006631578932617,0.060347368424650764,2.5027,-1.3289,1.5209,2.5027,-0.0254,1.0276
7.419999999999885,-0.42977531315345957,-0.6154919682043346,0.021851166908440786,2.6859,-1.9783,1.1419,2.6859,-0.0254,1.0276
7.429999999999885,-0.42314493774612494,-0.6156238222607304,0.018196925916898418,2.6859,-1.9783,1.1419,2.6859,-0.0254,1.0276
7.439999999999885,-0.41651456233879036,-0.6157556763171262,0.014542684925356047,2.6859,-1.9783,1.1419,2.6859,-0.0254,1.0276
7.449999999999885,-0.40988418693145573,-0.6158875303735222,0.010888443933813679,2.6859,-1.9783,1.1419,2.6859,-0.0254,1.0276
7.4599999999998845,-0.40325381152412115,-0.616019384429918,0.007234202942271308,2.6859,-1.9783,1.1419,2.6859,-0.0254,1.0276
7.469999999999884,-0.3937,-0.6071,0.0431,2.6859,-1.9783,1.1419,2.6859,0.018637098684015585,0.9299819262960133
7.479999999999884,-0.4346664114970154,-0.6347083050479025,0.05120709901061935,3.7185,-0.7018,1.2278,3.7185,0.1504,0.6379
7.489999999999884,-0.43984803928642807,-0.6453062685056908,0.05091822777497265,3.7185,-0.7018,1.2278,3.7185,0.1504,0.6379
7.499999999999884,-0.4450296670758408,-0.6559042319634791,0.05062935653932595,3.7185,-0.7018,1.2278,3.7185,0.1504,0.6379
